ticker,10日平均売買代金,10日中央値売買代金,除外,銘柄名,市場・商品区分,33業種区分
1301.T,161508150.0,153700250.0,False,極洋,プライム（内国株式）,水産・農林業
130A.T,4079690.0,4611450.0,True,Ｖｅｒｉｔａｓ　Ｉｎ　Ｓｉｌｉｃｏ,グロース（内国株式）,医薬品
1332.T,2106957184.8266602,2073340399.1333008,False,ニッスイ,プライム（内国株式）,水産・農林業
1333.T,723829280.390625,687528300.0,False,Ｕｍｉｏｓ,プライム（内国株式）,水産・農林業
135A.T,485216850.0,510258000.0,False,ＶＲＡＩＮ　Ｓｏｌｕｔｉｏｎ,グロース（内国株式）,情報・通信業
1375.T,53969302.83325195,46485250.0,True,ユキグニファクトリー,プライム（内国株式）,水産・農林業
1376.T,31789690.0,28749300.0,True,カネコ種苗,スタンダード（内国株式）,水産・農林業
1377.T,636031750.0,548588500.0,False,サカタのタネ,プライム（内国株式）,水産・農林業
1379.T,158667971.30126953,164903906.50634766,False,ホクト,プライム（内国株式）,水産・農林業
137A.T,1054180.0,705000.0,True,Ｃｏｃｏｌｉｖｅ,グロース（内国株式）,情報・通信業
1380.T,590130.0,449100.0,True,秋川牧園,スタンダード（内国株式）,水産・農林業
1381.T,7587350.0,7379000.0,True,アクシーズ,スタンダード（内国株式）,水産・農林業
1382.T,4653430.0,4459550.0,True,ホーブ,スタンダード（内国株式）,水産・農林業
1383.T,3949400.0,4090000.0,True,ベルグアース,スタンダード（内国株式）,水産・農林業
1384.T,22763390.0,18880800.0,True,ホクリヨウ,スタンダード（内国株式）,水産・農林業
138A.T,3776550.0,2828250.0,True,光フードサービス,グロース（内国株式）,小売業
1401.T,58851270.0,43592050.0,True,エムビーエス,グロース（内国株式）,建設業
1407.T,713539550.0,753872550.0,False,ウエストホールディングス,スタンダード（内国株式）,建設業
1414.T,1295669105.0,1133400525.0,False,ショーボンドホールディングス,プライム（内国株式）,建設業
1417.T,882061087.1777344,919085750.0,False,ミライト・ワン,プライム（内国株式）,建設業
1418.T,39977630.0,39862550.0,True,インターライフホールディングス,スタンダード（内国株式）,建設業
1419.T,210705970.0,196745800.0,False,タマホーム,プライム（内国株式）,建設業
141A.T,1952920950.0,1848178000.0,False,トライアルホールディングス,グロース（内国株式）,小売業
1420.T,6330820.0,6388950.0,True,サンヨーホームズ,スタンダード（内国株式）,建設業
1429.T,55493210.0,45772850.0,True,日本アクア,プライム（内国株式）,建設業
142A.T,48653180.0,35936950.0,True,ジンジブ,グロース（内国株式）,サービス業
1430.T,21981300.0,19421300.0,True,ファーストコーポレーション,スタンダード（内国株式）,建設業
1431.T,54610223.99902344,21861500.0,True,Ｌｉｂ　Ｗｏｒｋ,グロース（内国株式）,建設業
1433.T,40654080.0,40090450.0,True,ベステラ,プライム（内国株式）,建設業
1434.T,34094040.0,31248000.0,True,ＪＥＳＣＯホールディングス,スタンダード（内国株式）,建設業
1435.T,53385750.0,47449500.0,True,ｒｏｂｏｔ　ｈｏｍｅ,スタンダード（内国株式）,不動産業
1436.T,135471570.0,100111550.0,False,グリーンエナジー＆カンパニー,グロース（内国株式）,建設業
1438.T,1119251.38671875,1101100.0,True,岐阜造園,スタンダード（内国株式）,建設業
143A.T,622270.0,314650.0,True,イシン,グロース（内国株式）,サービス業
1443.T,10568960.0,11209250.0,True,技研ホールディングス,スタンダード（内国株式）,建設業
1444.T,6126890.0,6234800.0,True,ニッソウ,グロース（内国株式）,建設業
1446.T,4009625.494995117,2204050.0,True,キャンディル,スタンダード（内国株式）,建設業
1447.T,16963320.0,11961200.0,True,ＳＡＡＦホールディングス,グロース（内国株式）,建設業
1450.T,6250190.0,3460200.0,True,ＴＡＮＡＫＥＮ,スタンダード（内国株式）,建設業
145A.T,4697710.0,4099100.0,True,Ｌ　ｉｓ　Ｂ,グロース（内国株式）,情報・通信業
146A.T,119802800.0,108811500.0,False,コロンビア・ワークス,スタンダード（内国株式）,不動産業
147A.T,70918920.0,73667750.0,True,ソラコム,グロース（内国株式）,情報・通信業
148A.T,5703160.0,4445400.0,True,ハッチ・ワーク,グロース（内国株式）,情報・通信業
1491.T,14733650.0,13346000.0,True,中外鉱業,スタンダード（内国株式）,非鉄金属
149A.T,5905260.0,4792650.0,True,シンカ,グロース（内国株式）,情報・通信業
150A.T,130719910.0,99178300.0,True,ＪＳＨ,グロース（内国株式）,サービス業
1514.T,138341540.0,142366050.0,False,住石ホールディングス,スタンダード（内国株式）,鉱業
1515.T,1481791302.6171875,1335228250.0,False,日鉄鉱業,プライム（内国株式）,鉱業
1518.T,794275301.171875,694258905.859375,False,三井松島ホールディングス,プライム（内国株式）,その他製品
151A.T,8223720.0,5577450.0,True,ダイブグループ,グロース（内国株式）,サービス業
153A.T,2016572480.0,233927050.0,False,カウリス,グロース（内国株式）,情報・通信業
155A.T,65787980.0,47480400.0,True,情報戦略テクノロジー,グロース（内国株式）,情報・通信業
156A.T,19605580.0,19526400.0,True,マテリアルグループ,グロース（内国株式）,サービス業
157A.T,9635890.0,5594600.0,True,グリーンモンスター,グロース（内国株式）,サービス業
1605.T,18663223850.0,18762968250.0,False,ＩＮＰＥＸ,プライム（内国株式）,鉱業
160A.T,15146600.0,13772850.0,True,アズパートナーズ,スタンダード（内国株式）,サービス業
1662.T,2065381333.3984375,2048643150.0,False,石油資源開発,プライム（内国株式）,鉱業
1663.T,395952440.0,377179300.0,False,Ｋ＆Ｏエナジーグループ,プライム（内国株式）,鉱業
166A.T,507359364.78027344,520184900.0,False,タスキホールディングス,プライム（内国株式）,不動産業
167A.T,467161111.35253906,439705500.0,False,リョーサン菱洋ホールディングス,プライム（内国株式）,卸売業
168A.T,1308230.0,1273700.0,True,イタミアート,グロース（内国株式）,その他製品
1711.T,6874250.0,6816600.0,True,ＳＤＳホールディングス,スタンダード（内国株式）,建設業
1716.T,42778090.0,39202650.0,True,第一カッター興業,スタンダード（内国株式）,建設業
1717.T,12573050.0,12255200.0,True,明豊ファシリティワークス,スタンダード（内国株式）,サービス業
1718.T,7534910.051269531,5435500.0,True,美樹工業,スタンダード（内国株式）,建設業
1719.T,1588079886.7236328,1565184108.618164,False,安藤・間,プライム（内国株式）,建設業
1720.T,445896626.6357422,427233750.0,False,東急建設,プライム（内国株式）,建設業
1721.T,3170067613.0273438,3085030850.0,False,コムシスホールディングス,プライム（内国株式）,建設業
1723.T,1358163799.7338867,1013423700.0,False,日本電技,スタンダード（内国株式）,建設業
1724.T,2146970.0,2087700.0,True,シンクレイヤ,スタンダード（内国株式）,建設業
1736.T,11742253.937988281,10383800.0,True,オーテック,スタンダード（内国株式）,建設業
173A.T,114199865.89477539,4318950.0,True,ハンモック,グロース（内国株式）,情報・通信業
1758.T,3483170.0,1779850.0,True,太洋基礎工業,スタンダード（内国株式）,建設業
175A.T,2157700.0,2201850.0,True,Ｗｉｌｌ　Ｓｍａｒｔ,グロース（内国株式）,情報・通信業
1762.T,187662930.0,180687750.0,False,高松コンストラクショングループ,プライム（内国株式）,建設業
1764.T,1124340.0,943550.0,True,工藤建設,スタンダード（内国株式）,建設業
1766.T,298820300.0,292695000.0,False,東建コーポレーション,プライム（内国株式）,建設業
1768.T,4416490.0,2619300.0,True,ソネック,スタンダード（内国株式）,建設業
1770.T,16574143.6328125,12760400.0,True,藤田エンジニアリング,スタンダード（内国株式）,建設業
177A.T,1787030.0,1490900.0,True,コージンバイオ,グロース（内国株式）,化学
1780.T,53375907.99316406,54480300.0,True,ヤマウラ,プライム（内国株式）,建設業
1783.T,177917920.0,142937200.0,False,ｆａｎｔａｓｉｓｔａ,スタンダード（内国株式）,不動産業
1786.T,175883870.55297852,172939650.0,False,オリエンタル白石,プライム（内国株式）,建設業
1787.T,2275300.0,1122000.0,True,ナカボーテック,スタンダード（内国株式）,建設業
1788.T,1318400.0,815000.0,True,三東工業社,スタンダード（内国株式）,建設業
1793.T,7232470.0,6914500.0,True,大本組,スタンダード（内国株式）,建設業
1795.T,3440647.05078125,2475000.0,True,マサル,スタンダード（内国株式）,建設業
1798.T,5713350.0,1497150.0,True,守谷商会,スタンダード（内国株式）,建設業
1799.T,39296300.0,37576750.0,True,第一建設工業,スタンダード（内国株式）,建設業
1801.T,9242929930.976562,9237127404.882812,False,大成建設,プライム（内国株式）,建設業
1802.T,8440988713.625488,8385407643.127441,False,大林組,プライム（内国株式）,建設業
1803.T,12522865442.04834,8848023375.0,False,清水建設,プライム（内国株式）,建設業
1807.T,1726350.048828125,945400.0,True,佐藤渡辺,スタンダード（内国株式）,建設業
1808.T,2214827382.817383,2039682375.0,False,長谷工コーポレーション,プライム（内国株式）,建設業
1810.T,57797330.75317383,58636000.0,True,松井建設,スタンダード（内国株式）,建設業
1811.T,20185300.0,17461000.0,True,錢高組,スタンダード（内国株式）,建設業
1812.T,11617187543.203125,9047861516.015625,False,鹿島建設,プライム（内国株式）,建設業
1813.T,227953443.75,213201768.75,False,不動テトラ,プライム（内国株式）,建設業
1814.T,291527016.96533203,243370184.82666016,False,大末建設,プライム（内国株式）,建設業
1815.T,408028500.0,370913700.0,False,鉄建建設,プライム（内国株式）,建設業
1820.T,895060009.7607422,921707750.0,False,西松建設,プライム（内国株式）,建設業
1822.T,218249720.0,146530400.0,False,大豊建設,スタンダード（内国株式）,建設業
1826.T,8745790.0,8399500.0,True,佐田建設,スタンダード（内国株式）,建設業
1827.T,32636700.0,30937050.0,True,ナカノフドー建設,スタンダード（内国株式）,建設業
1828.T,45472450.0,32936650.0,True,田辺工業,スタンダード（内国株式）,建設業
1833.T,1123825934.2236328,1062508000.0,False,奥村組,プライム（内国株式）,建設業
1835.T,324067920.4394531,293744502.1972656,False,東鉄工業,プライム（内国株式）,建設業
1840.T,6319480.0,4879750.0,True,土屋ホールディングス,スタンダード（内国株式）,建設業
1844.T,36291510.0,35608600.0,True,大盛工業,スタンダード（内国株式）,建設業
1847.T,80324848.93066406,71509500.0,True,イチケン,スタンダード（内国株式）,建設業
1848.T,47912410.0,34627200.0,True,富士ピー・エス,スタンダード（内国株式）,建設業
184A.T,1104390.0,778000.0,True,学びエイド,グロース（内国株式）,情報・通信業
1850.T,7368260.0,5665300.0,True,南海辰村建設,スタンダード（内国株式）,建設業
1852.T,352770830.6866455,339486000.0,False,淺沼組,プライム（内国株式）,建設業
1853.T,7184010.0,3173600.0,True,森組,スタンダード（内国株式）,建設業
1860.T,1115717957.8320312,1063267089.1601562,False,戸田建設,プライム（内国株式）,建設業
1861.T,1143244060.0,992517650.0,False,熊谷組,プライム（内国株式）,建設業
1866.T,26725090.0,18079700.0,True,北野建設,スタンダード（内国株式）,建設業
1867.T,20809240.0,14928800.0,True,植木組,スタンダード（内国株式）,建設業
186A.T,5537533350.0,4888311650.0,False,アストロスケールホールディングス,グロース（内国株式）,サービス業
1870.T,255192150.29785156,247516701.4892578,False,矢作建設工業,プライム（内国株式）,建設業
1871.T,262487255.21484375,244950900.0,False,ピーエス・コンストラクション,プライム（内国株式）,建設業
1873.T,33323070.0,30252050.0,True,日本ハウスホールディングス,プライム（内国株式）,建設業
1878.T,5893970890.632324,5673213600.0,False,大東建託,プライム（内国株式）,不動産業
1879.T,661101834.3457031,478002850.0,False,新日本建設,プライム（内国株式）,建設業
1882.T,663840963.9648438,625832669.8242188,False,東亜道路工業,プライム（内国株式）,建設業
1885.T,828573419.4091797,804237550.0,False,東亜建設工業,プライム（内国株式）,建設業
1887.T,155160040.0,148058950.0,False,日本国土開発,プライム（内国株式）,建設業
1888.T,60694400.0,49875000.0,True,若築建設,プライム（内国株式）,建設業
1893.T,2532140231.8481445,2372994850.0,False,五洋建設,プライム（内国株式）,建設業
1897.T,3555900.0,1104000.0,True,金下建設,スタンダード（内国株式）,建設業
1898.T,306317863.1616211,299428250.0,False,世紀東急工業,プライム（内国株式）,建設業
1899.T,186788100.0,222188000.0,False,福田組,プライム（内国株式）,建設業
189A.T,4232270.0,4136700.0,True,Ｄ＆Ｍカンパニー,グロース（内国株式）,サービス業
1904.T,75929446.86035156,59731284.30175781,True,大成温調,スタンダード（内国株式）,建設業
1905.T,3479785.401611328,1727600.0,True,テノックス,スタンダード（内国株式）,建設業
190A.T,75181750.0,31663650.0,True,Ｃｈｏｒｄｉａ　Ｔｈｅｒａｐｅｕｔｉｃｓ,グロース（内国株式）,医薬品
1911.T,5975828180.0,6047155500.0,False,住友林業,プライム（内国株式）,建設業
1914.T,14898210.0,14084600.0,True,日本基礎技術,スタンダード（内国株式）,建設業
1921.T,27395500.0,30201000.0,True,巴コーポレーション,スタンダード（内国株式）,建設業
1925.T,10375344236.611328,10055236058.05664,False,大和ハウス工業,プライム（内国株式）,建設業
1926.T,584101952.5,528403600.0,False,ライト工業,プライム（内国株式）,建設業
1928.T,7663915530.0,7580671250.0,False,積水ハウス,プライム（内国株式）,建設業
1929.T,115519692.55859375,108804100.0,False,日特建設,プライム（内国株式）,建設業
192A.T,9594800.0,4149500.0,True,インテグループ,グロース（内国株式）,サービス業
1930.T,86226627.3046875,82641900.0,True,北陸電気工事,プライム（内国株式）,建設業
1934.T,306036360.9033203,307882854.51660156,False,ユアテック,プライム（内国株式）,建設業
1938.T,187024456.25,170184400.0,False,日本リーテック,プライム（内国株式）,建設業
1939.T,228947003.76953125,228664350.0,False,四電工,プライム（内国株式）,建設業
1941.T,453125454.82421875,467719500.0,False,中電工,プライム（内国株式）,建設業
1942.T,6320206079.355469,4775306000.0,False,関電工,プライム（内国株式）,建設業
1944.T,3813353274.0234375,3798715200.0,False,きんでん,プライム（内国株式）,建設業
1945.T,280401758.5546875,259482300.0,False,東京エネシス,プライム（内国株式）,建設業
1946.T,305339652.36328125,281186700.0,False,トーエネック,プライム（内国株式）,建設業
194A.T,51600920.0,45067950.0,True,ＷＯＬＶＥＳ　ＨＡＮＤ,グロース（内国株式）,サービス業
1950.T,432340900.0,397671000.0,False,日本電設工業,プライム（内国株式）,建設業
1951.T,1276006173.7207031,1249938325.0,False,エクシオグループ,プライム（内国株式）,建設業
1952.T,345323563.0834961,355376500.0,False,新日本空調,プライム（内国株式）,建設業
1959.T,1334017845.546875,1282078677.734375,False,クラフティア,プライム（内国株式）,建設業
195A.T,13797600.0,10983300.0,True,ＭＵＳＣＡＴ　ＧＲＯＵＰ,グロース（内国株式）,サービス業
1960.T,25221380.0,25261850.0,True,サンテック,スタンダード（内国株式）,建設業
1961.T,1398433405.4248047,1372972725.0,False,三機工業,プライム（内国株式）,建設業
1963.T,3065368290.0,2668511025.0,False,日揮ホールディングス,プライム（内国株式）,建設業
1964.T,70679950.0,62445500.0,True,中外炉工業,プライム（内国株式）,建設業
1965.T,536268668.05908203,464312800.0,False,テクノ菱和,スタンダード（内国株式）,建設業
1966.T,2624310.0,1819250.0,True,高田工業所,スタンダード（内国株式）,建設業
1967.T,32219860.0,28323300.0,True,ヤマト,スタンダード（内国株式）,建設業
1968.T,261303640.0,245480500.0,False,太平電業,プライム（内国株式）,建設業
1969.T,2566469700.698242,2495298500.0,False,高砂熱学工業,プライム（内国株式）,建設業
196A.T,51886800.0,34933300.0,True,ＭＦＳ,グロース（内国株式）,その他金融業
1972.T,49141875.41748047,38939477.087402344,True,三晃金属工業,スタンダード（内国株式）,建設業
1975.T,213200736.9189453,205481000.0,False,朝日工業社,プライム（内国株式）,建設業
1976.T,141237987.421875,120849250.0,False,明星工業,プライム（内国株式）,建設業
1979.T,687916037.2558594,696485500.0,False,大氣社,プライム（内国株式）,建設業
197A.T,77944740.0,68870300.0,True,タウンズ,スタンダード（内国株式）,医薬品
1980.T,1695535010.3076172,1448338000.0,False,ダイダン,プライム（内国株式）,建設業
1981.T,2457090.0,2123500.0,True,協和日成,スタンダード（内国株式）,建設業
1982.T,242007867.49267578,225570337.4633789,False,日比谷総合設備,プライム（内国株式）,建設業
198A.T,6519090.0,5083200.0,True,ＰｏｓｔＰｒｉｍｅ,グロース（内国株式）,情報・通信業
1992.T,1451920.0,296200.0,True,神田通信機,スタンダード（内国株式）,建設業
1994.T,5568900.0,5376800.0,True,高橋カーテンウォール工業,スタンダード（内国株式）,建設業
1997.T,4754950.0,3321000.0,True,暁飯島工業,スタンダード（内国株式）,建設業
2001.T,486907724.4091797,471236400.0,False,ニップン,プライム（内国株式）,食料品
2002.T,1688059365.324707,1714976951.6235352,False,日清製粉グループ本社,プライム（内国株式）,食料品
2003.T,44714333.203125,45247450.0,True,日東富士製粉,スタンダード（内国株式）,食料品
2004.T,233062629.0185547,225665000.0,False,昭和産業,プライム（内国株式）,食料品
2009.T,27776410.0,26529900.0,True,鳥越製粉,スタンダード（内国株式）,食料品
2053.T,267612452.75878906,179613800.0,False,中部飼料,プライム（内国株式）,食料品
2055.T,2077030.0,1774150.0,True,日和産業,スタンダード（内国株式）,食料品
205A.T,43733600.0,37491900.0,True,ロゴスホールディングス,グロース（内国株式）,建設業
2060.T,156062472.91748047,142309000.0,False,フィード・ワン,プライム（内国株式）,食料品
206A.T,16587830.0,11941700.0,True,ＰＲＩＳＭ　ＢｉｏＬａｂ,グロース（内国株式）,医薬品
208A.T,14369510.0,11105100.0,True,構造計画研究所ホールディングス,スタンダード（内国株式）,情報・通信業
2108.T,224210780.20996094,224163200.0,False,日本甜菜製糖,プライム（内国株式）,食料品
2109.T,240083961.9482422,253281750.0,False,ＤＭ三井製糖,プライム（内国株式）,食料品
2112.T,18653705.251464844,18253826.25732422,True,塩水港精糖,スタンダード（内国株式）,食料品
2114.T,25603245.263671875,12336950.0,True,フジ日本,スタンダード（内国株式）,食料品
2117.T,119766952.21435547,101811150.0,False,ウェルネオシュガー,プライム（内国株式）,食料品
211A.T,13135600.0,8979000.0,True,カドス・コーポレーション,スタンダード（内国株式）,建設業
2120.T,212684946.44622803,179813100.0,False,ＬＩＦＵＬＬ,プライム（内国株式）,サービス業
2121.T,1008372893.5107422,1033059250.0,False,ＭＩＸＩ,プライム（内国株式）,情報・通信業
2122.T,17576882.6953125,12515200.0,True,インタースペース,スタンダード（内国株式）,サービス業
2124.T,449502370.0,450299600.0,False,ジェイエイシーリクルートメント,プライム（内国株式）,サービス業
2127.T,1471710823.4259033,1456349680.7128906,False,日本Ｍ＆Ａセンターホールディングス,プライム（内国株式）,サービス業
212A.T,715559020.0,717964000.0,False,フィットイージー,プライム（内国株式）,サービス業
2130.T,166098560.0,116297950.0,False,メンバーズ,プライム（内国株式）,サービス業
2134.T,34636460.0,7283300.0,True,北浜キャピタルパートナーズ,スタンダード（内国株式）,サービス業
2136.T,1278660.0,1138800.0,True,ヒップ,スタンダード（内国株式）,サービス業
2138.T,21225060.0,3694350.0,True,クルーズ,スタンダード（内国株式）,情報・通信業
2139.T,4848430.0,1810650.0,True,中広,スタンダード（内国株式）,サービス業
2146.T,788449260.0,816182350.0,False,ＵＴグループ,プライム（内国株式）,サービス業
2148.T,50362210.0,48761250.0,True,アイティメディア,プライム（内国株式）,サービス業
2152.T,1430600.0,833550.0,True,幼児活動研究会,スタンダード（内国株式）,サービス業
2153.T,130563180.0,142553500.0,False,Ｅ・Ｊホールディングス,プライム（内国株式）,サービス業
2154.T,318999830.0,323619000.0,False,オープンアップグループ,プライム（内国株式）,サービス業
2156.T,60478020.0,8014800.0,True,セーラー広告,スタンダード（内国株式）,サービス業
2157.T,629654480.0,645226400.0,False,コシダカホールディングス,プライム（内国株式）,サービス業
2158.T,174258150.0,162117150.0,False,ＦＲＯＮＴＥＯ,グロース（内国株式）,サービス業
215A.T,2421146780.0,2175289750.0,False,タイミー,グロース（内国株式）,サービス業
2160.T,4649359650.0,4254521500.0,False,ジーエヌアイグループ,グロース（内国株式）,医薬品
2163.T,23010440.0,23259900.0,True,アルトナー,プライム（内国株式）,サービス業
2164.T,4261850.0,3504800.0,True,地域新聞社,スタンダード（内国株式）,サービス業
2168.T,178892690.0,175740600.0,False,パソナグループ,プライム（内国株式）,サービス業
2169.T,5231420.0,3150900.0,True,ＣＤＳ,スタンダード（内国株式）,サービス業
2170.T,201647998.99414062,169769600.0,False,リンクアンドモチベーション,プライム（内国株式）,サービス業
2173.T,6948580.0,5353300.0,True,博展,グロース（内国株式）,サービス業
2175.T,908976690.0,734594000.0,False,エス・エム・エス,プライム（内国株式）,サービス業
2179.T,1790563.9080810547,1234550.0,True,成学社,スタンダード（内国株式）,サービス業
2181.T,2114431813.7042236,1995743329.4128418,False,パーソルホールディングス,プライム（内国株式）,サービス業
2183.T,8956010.0,6175950.0,True,リニカル,スタンダード（内国株式）,サービス業
2185.T,5267217.5732421875,5136900.0,True,シイエム・シイ,スタンダード（内国株式）,サービス業
2186.T,2722140.0,2513150.0,True,ソーバル,スタンダード（内国株式）,サービス業
218A.T,219567040.0,189172600.0,False,Ｌｉｂｅｒａｗａｒｅ,グロース（内国株式）,精密機器
2193.T,39466630.0,40998450.0,True,クックパッド,スタンダード（内国株式）,サービス業
2195.T,11384890.0,9749150.0,True,アミタホールディングス,グロース（内国株式）,サービス業
2198.T,22161780.0,23643300.0,True,アイ・ケイ・ケイホールディングス,プライム（内国株式）,サービス業
219A.T,1246643150.0,1182301600.0,False,Ｈｅａｒｔｓｅｅｄ,グロース（内国株式）,医薬品
2201.T,936845436.2451172,813971100.0,False,森永製菓,プライム（内国株式）,食料品
2204.T,48377950.0,34731000.0,True,中村屋,スタンダード（内国株式）,食料品
2206.T,1182986640.0,1061726700.0,False,江崎グリコ,プライム（内国株式）,食料品
2207.T,224315028.125,165081000.0,False,ｍｅｉｔｏ,プライム（内国株式）,食料品
2208.T,16720637.255859375,13138736.279296875,True,ブルボン,スタンダード（内国株式）,食料品
2209.T,88993020.0,76159100.0,True,井村屋グループ,プライム（内国株式）,食料品
220A.T,1137460.6860351562,881000.0,True,Ｆａｂｅｒ　Ｃｏｍｐａｎｙ,スタンダード（内国株式）,情報・通信業
2211.T,74430360.0,80409750.0,True,不二家,プライム（内国株式）,食料品
2212.T,2073834210.0,2144166450.0,False,山崎製パン,プライム（内国株式）,食料品
2215.T,4871480.0,4031300.0,True,第一屋製パン,スタンダード（内国株式）,食料品
2216.T,62646580.0,54758300.0,True,カンロ,スタンダード（内国株式）,食料品
2217.T,65480810.0,54140550.0,True,モロゾフ,プライム（内国株式）,食料品
2220.T,286815698.1176758,262800190.5883789,False,亀田製菓,プライム（内国株式）,食料品
2221.T,11528600.0,8448500.0,True,岩塚製菓,スタンダード（内国株式）,食料品
2222.T,2358593562.0703125,2273964925.0,False,寿スピリッツ,プライム（内国株式）,食料品
2224.T,8510900.0,6465500.0,True,コモ,スタンダード（内国株式）,食料品
2226.T,61915050.0,21487000.0,True,湖池屋,スタンダード（内国株式）,食料品
2229.T,903853310.0,909698300.0,False,カルビー,プライム（内国株式）,食料品
2264.T,2040939064.7167969,2164341498.5839844,False,森永乳業,プライム（内国株式）,食料品
2266.T,64866230.0,62928100.0,True,六甲バター,プライム（内国株式）,食料品
2267.T,3336613706.6186523,3390769050.0,False,ヤクルト本社,プライム（内国株式）,食料品
2268.T,10771000.0,8104750.0,True,Ｂ－Ｒ　サーティワン　アイスクリーム,スタンダード（内国株式）,食料品
2269.T,4784760379.482422,4976187600.0,False,明治ホールディングス,プライム（内国株式）,食料品
2270.T,586885450.0,610158250.0,False,雪印メグミルク,プライム（内国株式）,食料品
2281.T,627755695.9545898,409129800.0,False,プリマハム,プライム（内国株式）,食料品
2282.T,3255264214.926758,3178696050.0,False,日本ハム,プライム（内国株式）,食料品
2286.T,12426340.0,11147600.0,True,林兼産業,スタンダード（内国株式）,食料品
2288.T,447352841.46484375,313269450.0,False,丸大食品,プライム（内国株式）,食料品
228A.T,3703880.0,2889200.0,True,オプロ,グロース（内国株式）,情報・通信業
2291.T,1115520.0,836550.0,True,福留ハム,スタンダード（内国株式）,食料品
2292.T,370954290.0,363730550.0,False,Ｓ　Ｆｏｏｄｓ,プライム（内国株式）,食料品
2293.T,2367290.0,1730250.0,True,滝沢ハム,スタンダード（内国株式）,食料品
2294.T,55182960.0,49738950.0,True,柿安本店,プライム（内国株式）,食料品
2296.T,575914893.5742188,562979000.0,False,伊藤ハム米久ホールディングス,プライム（内国株式）,食料品
2300.T,3676850.0,705800.0,True,きょくとう,スタンダード（内国株式）,サービス業
2301.T,225377240.0,206503450.0,False,学情,プライム（内国株式）,サービス業
2303.T,24459090.0,14473900.0,True,ドーン,スタンダード（内国株式）,情報・通信業
2304.T,3814369.8876953125,2891350.0,True,ＣＳＳホールディングス,スタンダード（内国株式）,サービス業
2305.T,38619630.0,40327250.0,True,スタジオアリス,スタンダード（内国株式）,サービス業
2307.T,49607280.0,41501400.0,True,クロスキャット,プライム（内国株式）,情報・通信業
2311.T,5811270.0,5082250.0,True,エプコ,スタンダード（内国株式）,サービス業
2315.T,376422500.0,416332500.0,False,ＣＡＩＣＡ　ＤＩＧＩＴＡＬ,スタンダード（内国株式）,情報・通信業
2317.T,316098027.0172119,313579285.0860596,False,システナ,プライム（内国株式）,情報・通信業
2321.T,17532940.0,16547600.0,True,ソフトフロントホールディングス,グロース（内国株式）,情報・通信業
2323.T,14799630.0,10778400.0,True,ｆｏｎｆｕｎ,スタンダード（内国株式）,情報・通信業
2325.T,106348300.0,98141750.0,True,ＮＪＳ,プライム（内国株式）,サービス業
2326.T,1029171434.2529297,689864000.0,False,デジタルアーツ,プライム（内国株式）,情報・通信業
2327.T,1001410125.6396484,939812750.0,False,日鉄ソリューションズ,プライム（内国株式）,情報・通信業
2329.T,71487093.79943848,78302400.0,True,東北新社,スタンダード（内国株式）,情報・通信業
2330.T,28221590.0,23085600.0,True,フォーサイド,スタンダード（内国株式）,情報・通信業
2331.T,1372682644.9121094,1408314049.5605469,False,ＡＬＳＯＫ,プライム（内国株式）,サービス業
2332.T,27405370.0,13099100.0,True,クエスト,スタンダード（内国株式）,情報・通信業
2334.T,427460460.0,398305500.0,False,イオレ,グロース（内国株式）,サービス業
2335.T,54170436.08886719,48150050.0,True,キューブシステム,プライム（内国株式）,情報・通信業
2337.T,418750890.0,358899050.0,False,いちご,プライム（内国株式）,不動産業
2338.T,11901430.0,10241700.0,True,クオンタムソリューションズ,スタンダード（内国株式）,情報・通信業
2340.T,29888540.0,16530000.0,True,極楽湯ホールディングス,スタンダード（内国株式）,サービス業
2341.T,8536710.0,6912000.0,True,アルバイトタイムス,スタンダード（内国株式）,サービス業
2342.T,6450640.0,6236000.0,True,トランスジェニックグループ,スタンダード（内国株式）,サービス業
2345.T,9931240.0,6503000.0,True,ＨＯＤＬ１,スタンダード（内国株式）,情報・通信業
2349.T,3429460.0,620750.0,True,エヌアイデイ,スタンダード（内国株式）,情報・通信業
2351.T,1223540.0,1127250.0,True,ＡＳＪ,スタンダード（内国株式）,情報・通信業
2353.T,520218860.0,526464500.0,False,日本駐車場開発,プライム（内国株式）,不動産業
2354.T,478409980.0,355035350.0,False,ＹＥ　ＤＩＧＩＴＡＬ,スタンダード（内国株式）,情報・通信業
2359.T,37899286.65283203,35635533.264160156,True,コア,プライム（内国株式）,情報・通信業
2370.T,7216060.0,4780800.0,True,メディネット,グロース（内国株式）,サービス業
2371.T,1181083800.0,1147677000.0,False,カカクコム,プライム（内国株式）,サービス業
2373.T,6141420.0,6484000.0,True,ケア２１,スタンダード（内国株式）,サービス業
2375.T,9959860.0,6422000.0,True,ギグワークス,スタンダード（内国株式）,サービス業
2376.T,1170040.0,815550.0,True,サイネックス,スタンダード（内国株式）,サービス業
2378.T,92449911.10839844,69295905.54199219,True,ルネサンス,プライム（内国株式）,サービス業
2379.T,374741190.0,377888950.0,False,ディップ,プライム（内国株式）,サービス業
2384.T,590222900.0,464650000.0,False,ＳＢＳホールディングス,プライム（内国株式）,陸運業
2385.T,65369420.0,36161400.0,True,総医研ホールディングス,グロース（内国株式）,サービス業
2388.T,25962490.0,9915850.0,True,ウェッジホールディングス,グロース（内国株式）,その他金融業
2391.T,3636730.0,3616050.0,True,プラネット,スタンダード（内国株式）,サービス業
2393.T,19841900.0,16878750.0,True,日本ケアサプライ,スタンダード（内国株式）,サービス業
2395.T,360938588.8256836,207592500.0,False,新日本科学,プライム（内国株式）,サービス業
2404.T,2348080.0,2201200.0,True,鉄人化ホールディングス,スタンダード（内国株式）,サービス業
2408.T,3939460.0,3565200.0,True,ＫＧ情報,スタンダード（内国株式）,サービス業
2410.T,230373434.6044922,210294073.02246094,False,キャリアデザインセンター,プライム（内国株式）,サービス業
2411.T,22099302.940368652,6021600.0,True,ゲンダイエージェンシー,スタンダード（内国株式）,情報・通信業
2413.T,5669549430.0,5472316750.0,False,エムスリー,プライム（内国株式）,サービス業
2415.T,10658110.0,5091100.0,True,ヒューマンホールディングス,スタンダード（内国株式）,サービス業
2418.T,63242900.0,60249750.0,True,ツカダ・グローバルホールディング,スタンダード（内国株式）,サービス業
241A.T,7377830.0,4299050.0,True,ＲＯＸＸ,グロース（内国株式）,情報・通信業
2424.T,1751480.0,1451150.0,True,ブラス,スタンダード（内国株式）,サービス業
2425.T,917090.0,373900.0,True,ケアサービス,スタンダード（内国株式）,サービス業
2428.T,28938640.0,22330000.0,True,ウェルネット,スタンダード（内国株式）,サービス業
2429.T,114313370.0,110890000.0,False,ワールドホールディングス,プライム（内国株式）,サービス業
2432.T,2549285200.0,2234891175.0,False,ディー・エヌ・エー,プライム（内国株式）,情報・通信業
2433.T,875189745.7775879,775767850.0,False,博報堂ＤＹホールディングス,プライム（内国株式）,サービス業
2435.T,1616130.0,1161200.0,True,シダー,スタンダード（内国株式）,サービス業
2436.T,13298990.0,14252750.0,True,共同ピーアール,スタンダード（内国株式）,サービス業
2437.T,36509680.0,18070800.0,True,Ｓｈｉｎｗａ　Ｗｉｓｅ　Ｈｏｌｄｉｎｇｓ,スタンダード（内国株式）,サービス業
2438.T,8956030.0,8565400.0,True,アスカネット,グロース（内国株式）,サービス業
2440.T,21098590.0,18214500.0,True,ぐるなび,スタンダード（内国株式）,サービス業
2445.T,31854403.481445312,31407500.0,True,タカミヤ,スタンダード（内国株式）,サービス業
2449.T,108542950.0,29552650.0,True,プラップジャパン,スタンダード（内国株式）,サービス業
244A.T,3384090.0,2709300.0,True,グロースエクスパートナーズ,グロース（内国株式）,情報・通信業
2454.T,5632730.0,3408050.0,True,オールアバウト,スタンダード（内国株式）,サービス業
2459.T,3211240.0,3117700.0,True,アウンコンサルティング,スタンダード（内国株式）,サービス業
245A.T,3622330.0,2760400.0,True,ＩＮＧＳ,グロース（内国株式）,小売業
2461.T,39752850.0,38552050.0,True,ファンコミュニケーションズ,プライム（内国株式）,サービス業
2462.T,40287420.0,38113600.0,True,ライク,プライム（内国株式）,サービス業
2464.T,2392290.0,2183500.0,True,Ａｏｂａ‐ＢＢＴ,スタンダード（内国株式）,サービス業
2469.T,45583462.91015625,37345000.0,True,ヒビノ,スタンダード（内国株式）,サービス業
246A.T,8139600.0,3141100.0,True,アスア,グロース（内国株式）,サービス業
2471.T,87057470.0,88100500.0,True,エスプール,プライム（内国株式）,サービス業
2475.T,28580276.70654297,27548950.0,True,ＷＤＢホールディングス,プライム（内国株式）,サービス業
2477.T,52759900.0,54872250.0,True,手間いらず,スタンダード（内国株式）,情報・通信業
2479.T,22000760.0,17912400.0,True,ジェイテック,スタンダード（内国株式）,サービス業
247A.T,1182681430.0,1187020050.0,False,Ａｉロボティクス,グロース（内国株式）,化学
2480.T,4688060.0,3935550.0,True,システム・ロケーション,スタンダード（内国株式）,情報・通信業
2481.T,2064180.0,2243850.0,True,タウンニュース社,スタンダード（内国株式）,サービス業
2483.T,7560820.0,7458150.0,True,翻訳センター,スタンダード（内国株式）,サービス業
2484.T,55783170.0,53836900.0,True,出前館,スタンダード（内国株式）,情報・通信業
2485.T,30546767.447509766,14890600.0,True,ティア,スタンダード（内国株式）,サービス業
2488.T,35179533.00415039,11457400.0,True,ＪＴＰ,スタンダード（内国株式）,サービス業
2489.T,57384580.0,56414250.0,True,アドウェイズ,スタンダード（内国株式）,サービス業
248A.T,918700.0,605250.0,True,キッズスター,グロース（内国株式）,情報・通信業
2491.T,57002630.0,50409550.0,True,バリューコマース,プライム（内国株式）,サービス業
2492.T,2479684420.0,2579779800.0,False,インフォマート,プライム（内国株式）,サービス業
2493.T,13252150.0,4989200.0,True,イーサポートリンク,スタンダード（内国株式）,サービス業
2497.T,15756550.476074219,9618400.0,True,ユナイテッド,グロース（内国株式）,サービス業
2498.T,47296018.1640625,29974250.0,True,オリエンタルコンサルタンツホールディングス,スタンダード（内国株式）,サービス業
2499.T,2754781.611022949,2577700.0,True,日本和装ホールディングス,スタンダード（内国株式）,サービス業
2501.T,2496134550.0,2460685350.0,False,サッポロビール,プライム（内国株式）,食料品
2502.T,10597258215.0,9511677300.0,False,アサヒグループホールディングス,プライム（内国株式）,食料品
2503.T,9723051040.0,8844083875.0,False,キリンホールディングス,プライム（内国株式）,食料品
250A.T,57467939.48486328,56495847.424316406,True,シマダヤ,スタンダード（内国株式）,食料品
2531.T,2768994485.0,2906434275.0,False,宝ホールディングス,プライム（内国株式）,食料品
2533.T,54455950.0,51138750.0,True,オエノンホールディングス,プライム（内国株式）,食料品
253A.T,17586456.12060547,10594850.0,True,ＥＴＳグループ,スタンダード（内国株式）,建設業
254A.T,34457810.0,32986200.0,True,ＡＩフュージョンキャピタルグループ,スタンダード（内国株式）,証券、商品先物取引業
255A.T,230921300.0,246245000.0,False,ジーエルテクノホールディングス,スタンダード（内国株式）,精密機器
256A.T,418353540.0,424667750.0,False,飛島ホールディングス,プライム（内国株式）,建設業
2573.T,15068650.0,14887000.0,True,北海道コカ・コーラボトリング,スタンダード（内国株式）,食料品
2579.T,2866882260.0,2731029000.0,False,コカ・コーラ　ボトラーズジャパンホールディングス,プライム（内国株式）,食料品
2585.T,669140650.0,694529150.0,False,ライフドリンク　カンパニー,プライム（内国株式）,食料品
2586.T,44664180.0,48439850.0,True,フルッタフルッタ,グロース（内国株式）,食料品
2587.T,4234395730.0,4089245950.0,False,サントリービバレッジ＆フード,プライム（内国株式）,食料品
2588.T,14707934.406738281,12996000.0,True,プレミアムウォーターホールディングス,スタンダード（内国株式）,食料品
2590.T,178846420.0,186492050.0,False,ダイドーグループホールディングス,プライム（内国株式）,食料品
2593.T,1136493530.0,946826000.0,False,伊藤園,プライム（内国株式）,食料品
25935.T,271522630.0,123434700.0,False,伊藤園第１種優先株式,プライム（内国株式）,食料品
2594.T,285972150.0,220825850.0,False,キーコーヒー,プライム（内国株式）,食料品
2597.T,9024090.0,8528950.0,True,ユニカフェ,スタンダード（内国株式）,食料品
2602.T,449551665.9667969,442853100.0,False,日清オイリオグループ,プライム（内国株式）,食料品
2607.T,1142151505.46875,1084473950.0,False,不二製油,プライム（内国株式）,食料品
2612.T,528954710.0,476263000.0,False,かどや製油,スタンダード（内国株式）,食料品
2613.T,144072347.64648438,148537350.0,False,Ｊ－オイルミルズ,プライム（内国株式）,食料品
261A.T,41520860.0,27273750.0,True,日水コン,スタンダード（内国株式）,サービス業
262A.T,247053910.0,246776500.0,False,インターメスティック,プライム（内国株式）,小売業
264A.T,11757150.0,11600900.0,True,Ｓｃｈｏｏ,グロース（内国株式）,サービス業
2652.T,75785833.11981201,72399900.0,True,まんだらけ,スタンダード（内国株式）,小売業
2653.T,45661590.0,36461250.0,True,イオン九州,スタンダード（内国株式）,小売業
2654.T,15021570.0,4967100.0,True,アスモ,スタンダード（内国株式）,小売業
2656.T,61971420.0,31234100.0,True,ベクターホールディングス,スタンダード（内国株式）,小売業
2659.T,966082000.0,762209000.0,False,サンエー,プライム（内国株式）,小売業
265A.T,15290390.0,14160800.0,True,Ｈｍｃｏｍｍ,グロース（内国株式）,情報・通信業
2664.T,201601000.0,185353750.0,False,カワチ薬品,プライム（内国株式）,小売業
2666.T,6947300.0,5412700.0,True,オートウェーブ,スタンダード（内国株式）,小売業
2667.T,24654460.0,21793300.0,True,イメージ　ワン,スタンダード（内国株式）,卸売業
2668.T,778180.0,700150.0,True,タビオ,スタンダード（内国株式）,卸売業
2669.T,10467650.0,8221500.0,True,カネ美食品,スタンダード（内国株式）,小売業
2670.T,2356059520.0,1799927825.0,False,エービーシー・マート,プライム（内国株式）,小売業
2673.T,4339650.0,2947800.0,True,夢みつけ隊,スタンダード（内国株式）,小売業
2674.T,118857860.0,124534650.0,False,ハードオフコーポレーション,プライム（内国株式）,小売業
2676.T,63100810.0,58703700.0,True,高千穂交易,プライム（内国株式）,卸売業
2678.T,441120270.0,413701400.0,False,アスクル,プライム（内国株式）,小売業
2681.T,378554750.9667969,383138954.8339844,False,ゲオホールディングス,プライム（内国株式）,小売業
2683.T,1082530.0,944300.0,True,ＵＯＧｒｏｕｐ,スタンダード（内国株式）,小売業
2685.T,846609110.0,828449000.0,False,アンドエスティＨＤ,プライム（内国株式）,小売業
2687.T,6477380.0,1175600.0,True,シー・ヴイ・エス・ベイエリア,スタンダード（内国株式）,サービス業
2689.T,4651360.0,4528550.0,True,オルバディーブイエックスヘルスケア,スタンダード（内国株式）,卸売業
268A.T,4018456430.0,3466277500.0,False,リガク・ホールディングス,プライム（内国株式）,精密機器
2693.T,14575650.0,5225600.0,True,ＹＫＴ,スタンダード（内国株式）,卸売業
2694.T,17134740.0,14953500.0,True,焼肉坂井ホールディングス,スタンダード（内国株式）,小売業
2695.T,459906480.0,424621650.0,False,くら寿司,プライム（内国株式）,小売業
2698.T,34155200.0,30922500.0,True,キャンドゥ,スタンダード（内国株式）,小売業
269A.T,38250870.0,27661950.0,True,Ｓａｐｅｅｔ,グロース（内国株式）,情報・通信業
2700.T,15886940.0,11990850.0,True,木徳神糧,スタンダード（内国株式）,卸売業
2702.T,5824993300.0,5757768000.0,False,日本マクドナルドホールディングス,スタンダード（内国株式）,小売業
2705.T,208048100.0,202982000.0,False,大戸屋ホールディングス,スタンダード（内国株式）,小売業
2708.T,3193240.0,2074600.0,True,久世,スタンダード（内国株式）,卸売業
2721.T,3457110.0,3078450.0,True,ジェイホールディングス,スタンダード（内国株式）,卸売業
2722.T,1687650.0,1496050.0,True,ＩＫホールディングス,スタンダード（内国株式）,小売業
2726.T,1371809900.0,1220589450.0,False,パルグループホールディングス,プライム（内国株式）,小売業
2730.T,842179054.2529297,833197821.2646484,False,エディオン,プライム（内国株式）,小売業
2733.T,434029067.1411133,271953600.0,False,あらた,プライム（内国株式）,卸売業
2734.T,192803730.0,157093700.0,False,サーラコーポレーション,プライム（内国株式）,小売業
2735.T,33986510.0,27552350.0,True,ワッツ,スタンダード（内国株式）,小売業
2736.T,2263760.0,1334300.0,True,フェスタリアホールディングス,スタンダード（内国株式）,小売業
2737.T,7828798000.0,7877070000.0,False,トーメンデバイス,プライム（内国株式）,卸売業
2742.T,159969400.0,162684000.0,False,ハローズ,プライム（内国株式）,小売業
2747.T,831600.0,792250.0,True,北雄ラッキー,スタンダード（内国株式）,小売業
2749.T,262970880.0,144345000.0,False,ＪＰホールディングス,プライム（内国株式）,サービス業
274A.T,9941630.0,8264650.0,True,ガーデン,スタンダード（内国株式）,小売業
2750.T,11812924.53125,9824850.0,True,石光商事,スタンダード（内国株式）,卸売業
2751.T,34682700.0,32827000.0,True,テンポスホールディングス,スタンダード（内国株式）,卸売業
2752.T,84321560.0,83990200.0,True,フジオフードグループ本社,プライム（内国株式）,小売業
2753.T,112369754.00146484,90415600.0,True,あみやき亭,プライム（内国株式）,小売業
2760.T,686703828.0371094,673372000.0,False,東京エレクトロン　デバイス,プライム（内国株式）,卸売業
2762.T,9479680.0,5659600.0,True,ＳＡＮＫＯ　ＭＡＲＫＥＴＩＮＧ　ＦＯＯＤＳ,スタンダード（内国株式）,小売業
2764.T,30733670.0,23821950.0,True,ひらまつ,スタンダード（内国株式）,小売業
2767.T,982303269.0478516,971289445.2392578,False,円谷フィールズホールディングス,プライム（内国株式）,卸売業
2768.T,6728504271.025391,6715109755.126953,False,双日,プライム（内国株式）,卸売業
2769.T,4480390.0,4600950.0,True,ヴィレッジヴァンガードコーポレーション,スタンダード（内国株式）,小売業
276A.T,84992650.0,90710000.0,True,ククレブ・アドバイザーズ,グロース（内国株式）,不動産業
2776.T,15214660.0,12622100.0,True,新都ホールディングス,スタンダード（内国株式）,卸売業
2778.T,11004730.0,10011500.0,True,パレモ・ホールディングス,スタンダード（内国株式）,小売業
277A.T,165746520.0,154837900.0,False,グロービング,プライム（内国株式）,サービス業
2780.T,274393529.66308594,266679000.0,False,コメ兵ホールディングス,スタンダード（内国株式）,小売業
2782.T,1794341512.8173828,1377059750.0,False,セリア,スタンダード（内国株式）,小売業
2784.T,1006722007.1679688,1088831860.8398438,False,アルフレッサ　ホールディングス,プライム（内国株式）,卸売業
2788.T,20116120.0,19261400.0,True,アップルインターナショナル,スタンダード（内国株式）,卸売業
2789.T,2296080.0,1694700.0,True,カルラ,スタンダード（内国株式）,小売業
278A.T,12488685100.0,10910455000.0,False,Ｔｅｒｒａ　Ｄｒｏｎｅ,グロース（内国株式）,精密機器
2790.T,19581890.0,18592300.0,True,ナフコ,スタンダード（内国株式）,小売業
2791.T,166057750.0,160942750.0,False,大黒天物産,プライム（内国株式）,小売業
2792.T,112134810.0,101503350.0,False,ハニーズホールディングス,プライム（内国株式）,小売業
2795.T,1053650.0,989450.0,True,日本プリメックス,スタンダード（内国株式）,卸売業
2796.T,3745020.0,2816650.0,True,ファーマライズホールディングス,スタンダード（内国株式）,小売業
2798.T,3324280.0,2997800.0,True,ワイズテーブルコーポレーション,スタンダード（内国株式）,小売業
2801.T,6710029004.931641,6628255850.0,False,キッコーマン,プライム（内国株式）,食料品
2802.T,16067945149.448242,15506779247.24121,False,味の素,プライム（内国株式）,食料品
2804.T,39361673.736572266,36629600.0,True,ブルドックソース,プライム（内国株式）,食料品
2805.T,663063308.4228516,659057000.0,False,ヱスビー食品,スタンダード（内国株式）,食料品
2806.T,2850128.5620117188,2474100.0,True,ユタカフーズ,スタンダード（内国株式）,食料品
2809.T,2323830870.0,2274882100.0,False,キユーピー,プライム（内国株式）,食料品
280A.T,16402110.0,16290400.0,True,ＴＭＨ,グロース（内国株式）,卸売業
2810.T,1101929194.3798828,1092076700.0,False,ハウス食品グループ本社,プライム（内国株式）,食料品
2811.T,765946225.0,717951300.0,False,カゴメ,プライム（内国株式）,食料品
2813.T,4061050.0,3295000.0,True,和弘食品,スタンダード（内国株式）,食料品
2814.T,10156357.700195312,7944200.0,True,佐藤食品工業,スタンダード（内国株式）,食料品
2815.T,636095207.6269531,662658500.0,False,アリアケジャパン,プライム（内国株式）,食料品
2816.T,12731466.037597656,7022150.0,True,ダイショー,スタンダード（内国株式）,食料品
2818.T,6804710.0,4199800.0,True,ピエトロ,スタンダード（内国株式）,食料品
2819.T,24961026.41357422,23453600.0,True,エバラ食品工業,スタンダード（内国株式）,食料品
281A.T,19616160.0,17258150.0,True,インフォメティス,グロース（内国株式）,情報・通信業
2820.T,103776400.0,94008000.0,True,やまみ,スタンダード（内国株式）,食料品
2831.T,6871262.255859375,5172061.279296875,True,はごろもフーズ,スタンダード（内国株式）,食料品
285A.T,812470197349.5703,733345553000.0,False,キオクシアホールディングス,プライム（内国株式）,電気機器
286A.T,11789510.0,10150100.0,True,ユカリア,グロース（内国株式）,サービス業
2871.T,2708693551.5039062,2443062100.0,False,ニチレイ,プライム（内国株式）,食料品
2872.T,2791210.0,2473250.0,True,セイヒョー,スタンダード（内国株式）,食料品
2874.T,516261025.3515625,469876500.0,False,横浜冷凍,プライム（内国株式）,卸売業
2875.T,5443426870.849609,4644116400.0,False,東洋水産,プライム（内国株式）,食料品
2876.T,993890.0,938600.0,True,デルソーレ,スタンダード（内国株式）,食料品
2877.T,748930.0,416500.0,True,日東ベスト,スタンダード（内国株式）,食料品
287A.T,495235775.0463867,425711000.0,False,黒田グループ,スタンダード（内国株式）,卸売業
2882.T,37692870.0,33080950.0,True,イートアンドホールディングス,プライム（内国株式）,食料品
2883.T,11787790.0,7742850.0,True,大冷,スタンダード（内国株式）,食料品
2884.T,73046740.0,75947100.0,True,ヨシムラ・フード・ホールディングス,プライム（内国株式）,食料品
288A.T,7411060.0,4464000.0,True,ラクサス・テクノロジーズ,グロース（内国株式）,サービス業
2892.T,23437609.672851562,24257000.0,True,日本食品化工,スタンダード（内国株式）,食料品
2894.T,2260430.0,2107750.0,True,石井食品,スタンダード（内国株式）,食料品
2897.T,3115429426.801758,3028322625.0,False,日清食品ホールディングス,プライム（内国株式）,食料品
2901.T,20841560.0,13579700.0,True,ウェルディッシュ,スタンダード（内国株式）,食料品
2903.T,3722402.4609375,1608750.0,True,シノブフーズ,スタンダード（内国株式）,食料品
2904.T,2710890.0,2978300.0,True,一正蒲鉾,スタンダード（内国株式）,食料品
2907.T,5764720.0,3810750.0,True,あじかん,スタンダード（内国株式）,食料品
2908.T,91181646.59545898,92914500.0,True,フジッコ,プライム（内国株式）,食料品
290A.T,1483630010.0,1372793600.0,False,Ｓｙｎｓｐｅｃｔｉｖｅ,グロース（内国株式）,情報・通信業
2910.T,98415830.0,95504850.0,True,ロック・フィールド,プライム（内国株式）,食料品
2911.T,1717450.0,2025450.0,True,旭松食品,スタンダード（内国株式）,食料品
2914.T,28449234610.0,27943122300.0,False,日本たばこ産業,プライム（内国株式）,食料品
2915.T,76317253.73779297,72485350.0,True,ケンコーマヨネーズ,プライム（内国株式）,食料品
2916.T,1679520.0,723150.0,True,仙波糖化工業,スタンダード（内国株式）,食料品
2917.T,4719710.0,2312650.0,True,大森屋,スタンダード（内国株式）,食料品
2918.T,396215880.0,315114800.0,False,わらべや日洋ホールディングス,プライム（内国株式）,食料品
291A.T,5450740.0,5437000.0,True,リスキル,グロース（内国株式）,サービス業
2922.T,35156200.59082031,36159450.0,True,なとり,プライム（内国株式）,食料品
2923.T,24290500.0,20740000.0,True,サトウ食品,スタンダード（内国株式）,食料品
2924.T,3550443.370361328,3952600.0,True,イフジ産業,スタンダード（内国株式）,食料品
2926.T,13826462.886352539,11690500.0,True,篠崎屋,スタンダード（内国株式）,食料品
2927.T,13577360.0,13832200.0,True,ＡＦＣ－ＨＤアムスライフサイエンス,スタンダード（内国株式）,食料品
2929.T,164068110.0,161083200.0,False,ファーマフーズ,プライム（内国株式）,食料品
2930.T,46314820.0,45079350.0,True,北の達人コーポレーション,プライム（内国株式）,化学
2931.T,226380360.0,191883400.0,False,ユーグレナ,プライム（内国株式）,食料品
2932.T,12492860.0,12132950.0,True,ＳＴＩフードホールディングス,スタンダード（内国株式）,食料品
2933.T,122860560.0,84797250.0,True,紀文食品,プライム（内国株式）,食料品
2934.T,9191330.0,7818250.0,True,ジェイフロンティア,グロース（内国株式）,食料品
2935.T,33595930.0,33244600.0,True,ピックルスホールディングス,プライム（内国株式）,食料品
2936.T,5015550.0,5688550.0,True,ベースフード,グロース（内国株式）,食料品
2937.T,13519720.0,7827100.0,True,サンクゼール,グロース（内国株式）,食料品
2938.T,80758660.0,72333900.0,True,オカムラ食品工業,スタンダード（内国株式）,食料品
2961.T,1353322.8833007812,883864.4165039062,True,日本調理機,スタンダード（内国株式）,金属製品
2962.T,1603179700.0,1750124250.0,False,テクニスコ,スタンダード（内国株式）,金属製品
296A.T,52429109.5715332,45220500.0,True,令和アカウンティング・ホールディングス,グロース（内国株式）,サービス業
2970.T,8536420.0,7983000.0,True,ＧＬＣ　ＧＲＯＵＰ,スタンダード（内国株式）,不動産業
2975.T,752667820.0,663806100.0,False,スター・マイカ・ホールディングス,プライム（内国株式）,不動産業
2978.T,2459220.0,1883700.0,True,ツクルバ,グロース（内国株式）,不動産業
297A.T,4467950.0,4232250.0,True,アルピコホールディングス,スタンダード（内国株式）,小売業
2980.T,374863560.0,360561650.0,False,ＳＲＥホールディングス,プライム（内国株式）,不動産業
2981.T,10879838.132324219,10520740.661621094,True,ランディックス,グロース（内国株式）,不動産業
2982.T,95976910.0,73782050.0,True,ＡＤワークスグループ,プライム（内国株式）,不動産業
2983.T,55508510.0,57931800.0,True,アールプランナー,グロース（内国株式）,不動産業
2984.T,6931250.0,5699650.0,True,ヤマイチエステート,スタンダード（内国株式）,不動産業
2986.T,406672600.0,330457050.0,False,ＬＡホールディングス,グロース（内国株式）,不動産業
298A.T,1391670.0,1275300.0,True,ＧＶＡ　ＴＥＣＨ,グロース（内国株式）,情報・通信業
2991.T,7140120.0,5886150.0,True,ランドネット,スタンダード（内国株式）,不動産業
2993.T,974640.0,437700.0,True,長栄,スタンダード（内国株式）,不動産業
2997.T,2393220.0,1058050.0,True,ストレージ王,グロース（内国株式）,不動産業
2998.T,86976270.0,80453500.0,True,クリアル,グロース（内国株式）,不動産業
2999.T,5033090.0,4531200.0,True,ホームポジション,スタンダード（内国株式）,不動産業
299A.T,83453020.0,79734550.0,True,クラシル,グロース（内国株式）,サービス業
3001.T,82480490.0,75366000.0,True,片倉工業,スタンダード（内国株式）,繊維製品
3002.T,789366650.0,639759750.0,False,グンゼ,プライム（内国株式）,繊維製品
3003.T,4108373280.0,4054536300.0,False,ヒューリック,プライム（内国株式）,不動産業
3004.T,17208070.0,17357200.0,True,神栄,スタンダード（内国株式）,卸売業
300A.T,76916160.0,72038250.0,True,ＭＩＣ,スタンダード（内国株式）,サービス業
3010.T,23599510.0,20557900.0,True,ポラリス・ホールディングス,スタンダード（内国株式）,サービス業
3011.T,1234210.0,909450.0,True,バナーズ,スタンダード（内国株式）,小売業
3020.T,13444291.845703125,9428750.0,True,アプライド,スタンダード（内国株式）,小売業
3021.T,14542960.0,11273600.0,True,パシフィックネット,スタンダード（内国株式）,サービス業
3023.T,66228821.640625,66932958.203125,True,ラサ商事,スタンダード（内国株式）,卸売業
3024.T,3031425.3295898438,2542050.0,True,クリエイト,スタンダード（内国株式）,卸売業
3028.T,194173610.0,189575250.0,False,アルペン,プライム（内国株式）,小売業
302A.T,1850570.0,1273350.0,True,ビースタイルホールディングス,グロース（内国株式）,サービス業
3030.T,8839290.0,7038900.0,True,ハブ,スタンダード（内国株式）,小売業
3031.T,77649420.0,58438050.0,True,ラクーンホールディングス,プライム（内国株式）,情報・通信業
3034.T,314833768.5913086,293644800.0,False,クオールホールディングス,プライム（内国株式）,小売業
3035.T,34128510.0,10361000.0,True,ケイティケイ,スタンダード（内国株式）,卸売業
3036.T,439411398.8232422,391517094.11621094,False,アルコニックス,プライム（内国株式）,卸売業
3038.T,6176196545.0,5734456600.0,False,神戸物産,プライム（内国株式）,卸売業
303A.T,2331840.0,1770100.0,True,ｖｉｓｕｍｏ,グロース（内国株式）,情報・通信業
3040.T,834453880.0,439555550.0,False,ソリトンシステムズ,プライム（内国株式）,情報・通信業
3041.T,2238210.0,1818250.0,True,ビューティカダンホールディングス,スタンダード（内国株式）,卸売業
3042.T,1630362470.0,741547950.0,False,セキュアヴェイル,スタンダード（内国株式）,情報・通信業
3045.T,1159640.0,731700.0,True,カワサキ,スタンダード（内国株式）,卸売業
3046.T,1218881500.0,1062399000.0,False,ジンズホールディングス,プライム（内国株式）,小売業
3048.T,1018218420.0,1007563150.0,False,ビックカメラ,プライム（内国株式）,小売業
304A.T,4559570.0,3075750.0,True,フォルシア,グロース（内国株式）,情報・通信業
3050.T,688460840.0,623238200.0,False,ＤＣＭホールディングス,プライム（内国株式）,小売業
3053.T,38456520.0,41708600.0,True,ペッパーフードサービス,スタンダード（内国株式）,小売業
3054.T,6259680.0,6008300.0,True,ハイパー,スタンダード（内国株式）,卸売業
3058.T,1525360.0,1493100.0,True,三洋堂ホールディングス,スタンダード（内国株式）,小売業
3059.T,1425530.0,1269000.0,True,ヒラキ,スタンダード（内国株式）,小売業
3063.T,22838550.0,21577300.0,True,ジェイグループホールディングス,グロース（内国株式）,小売業
3064.T,4306756680.0,3997189750.0,False,ＭｏｎｏｔａＲＯ,プライム（内国株式）,小売業
3065.T,1936040.0,1588000.0,True,ライフフーズ,スタンダード（内国株式）,小売業
3067.T,17257230.0,3351500.0,True,東京一番フーズ,スタンダード（内国株式）,小売業
3068.T,8506050.0,8158250.0,True,ＷＤＩ,スタンダード（内国株式）,小売業
3069.T,14208360.0,13915500.0,True,ＪＦＬＡホールディングス,スタンダード（内国株式）,食料品
3070.T,50784270.0,51732700.0,True,ジェリービーンズグループ,グロース（内国株式）,卸売業
3071.T,4015990.0,4138100.0,True,ストリーム,スタンダード（内国株式）,小売業
3075.T,11534860.0,10107250.0,True,銚子丸,スタンダード（内国株式）,小売業
3076.T,302325100.0,306177900.0,False,あい　ホールディングス,プライム（内国株式）,卸売業
3077.T,39743580.0,28513050.0,True,ホリイフードサービス,スタンダード（内国株式）,小売業
3080.T,3172260.0,2885750.0,True,ジェーソン,スタンダード（内国株式）,小売業
3082.T,5691050.0,4945000.0,True,きちりホールディングス,スタンダード（内国株式）,小売業
3083.T,485234030.0,377133750.0,False,スターシーズ,スタンダード（内国株式）,小売業
3086.T,3146024340.0,2980182800.0,False,Ｊ．フロント　リテイリング,プライム（内国株式）,小売業
3087.T,368979000.0,336116250.0,False,ドトール・日レスホールディングス,プライム（内国株式）,小売業
3088.T,3851076866.376953,3610547406.8847656,False,マツキヨココカラ＆カンパニー,プライム（内国株式）,小売業
3089.T,17123270.0,10322800.0,True,テクノアルファ,スタンダード（内国株式）,卸売業
3091.T,202941940.0,204974450.0,False,ブロンコビリー,プライム（内国株式）,小売業
3092.T,3100472272.3095703,2941691686.5478516,False,ＺＯＺＯ,プライム（内国株式）,小売業
3093.T,214408600.0,213775450.0,False,トレジャー・ファクトリー,プライム（内国株式）,小売業
3096.T,9133831.455078125,8685600.0,True,オーシャンシステム,スタンダード（内国株式）,小売業
3097.T,1283413500.0,1058440500.0,False,物語コーポレーション,プライム（内国株式）,小売業
3099.T,5978351435.839844,5841482150.0,False,三越伊勢丹ホールディングス,プライム（内国株式）,小売業
3101.T,648932600.0,641507250.0,False,東洋紡,プライム（内国株式）,化学
3103.T,6755684530.0,6844252800.0,False,ユニチカ,スタンダード（内国株式）,繊維製品
3104.T,722416115.9814453,730752000.0,False,富士紡ホールディングス,プライム（内国株式）,繊維製品
3105.T,2596634180.0,2348864150.0,False,日清紡ホールディングス,プライム（内国株式）,電気機器
3106.T,574593094.7705078,577547250.0,False,倉敷紡績,プライム（内国株式）,繊維製品
3107.T,1014929147.4755859,983465900.0,False,ダイワボウホールディングス,プライム（内国株式）,卸売業
3109.T,55464409.689941406,54626300.0,True,シキボウ,プライム（内国株式）,繊維製品
3110.T,16426221103.80127,14255296200.0,False,日東紡績,プライム（内国株式）,ガラス・土石製品
3111.T,1482670.0,583100.0,True,オーミケンシ,スタンダード（内国株式）,繊維製品
3113.T,6877430.0,6843350.0,True,ＵＮＩＶＡ・Ｏａｋホールディングス,スタンダード（内国株式）,証券、商品先物取引業
3116.T,1121273458.2226562,1155057641.1132812,False,トヨタ紡織,プライム（内国株式）,輸送用機器
3121.T,10322720.0,9337200.0,True,マーチャント・バンカーズ,スタンダード（内国株式）,サービス業
3123.T,1913072.9095458984,1470200.0,True,サイボー,スタンダード（内国株式）,繊維製品
3131.T,331400500.0,306196500.0,False,シンデン・ハイテックス,スタンダード（内国株式）,卸売業
3132.T,5025195725.9375,4809446479.6875,False,マクニカホールディングス,プライム（内国株式）,卸売業
3133.T,111941700.0,55488050.0,True,海帆,グロース（内国株式）,小売業
3134.T,10507490.0,9420150.0,True,Ｈａｍｅｅ,スタンダード（内国株式）,小売業
3135.T,10702680.0,9016050.0,True,マーケットエンタープライズ,スタンダード（内国株式）,小売業
3137.T,3376350.0,3103450.0,True,ファンデリー,スタンダード（内国株式）,小売業
3138.T,4179450.0,3492950.0,True,富士山マガジンサービス,スタンダード（内国株式）,小売業
3139.T,83325150.0,85806000.0,True,ラクト・ジャパン,プライム（内国株式）,卸売業
3140.T,6199410.0,6023500.0,True,ＢＲＵＮＯ,グロース（内国株式）,卸売業
3143.T,95098693.61083984,65304550.0,True,オーウイル,スタンダード（内国株式）,卸売業
3148.T,437001900.0,353099250.0,False,クリエイトＳＤホールディングス,プライム（内国株式）,小売業
3150.T,118294471.01074219,108428500.0,False,グリムス,プライム（内国株式）,電気・ガス業
3151.T,147783243.02734375,142603100.0,False,バイタルケーエスケー・ホールディングス,プライム（内国株式）,卸売業
3153.T,315098210.0,258314500.0,False,八洲電機,プライム（内国株式）,卸売業
3154.T,19683740.0,17435600.0,True,メディアスホールディングス,プライム（内国株式）,卸売業
3156.T,572837393.6474609,518160000.0,False,レスター,プライム（内国株式）,卸売業
3157.T,4629272.977294922,3890500.0,True,ジオリーブグループ,スタンダード（内国株式）,卸売業
3159.T,26431250.0,22787250.0,True,丸善ＣＨＩホールディングス,スタンダード（内国株式）,小売業
3160.T,8752850.0,6177000.0,True,大光,スタンダード（内国株式）,卸売業
3161.T,13574930.0,3600200.0,True,アゼアス,スタンダード（内国株式）,卸売業
3166.T,4081333.896484375,3911200.0,True,ＯＣＨＩホールディングス,スタンダード（内国株式）,卸売業
3167.T,877628974.3701172,553919500.0,False,ＴＯＫＡＩホールディングス,プライム（内国株式）,卸売業
3168.T,73033530.0,63953100.0,True,ＭＥＲＦ,スタンダード（内国株式）,卸売業
3169.T,4407880.0,2835400.0,True,ミサワ,スタンダード（内国株式）,小売業
3172.T,2628240.0,2316550.0,True,ティーライフ,スタンダード（内国株式）,小売業
3173.T,10080797.387695312,8022150.0,True,Ｃｏｍｉｎｉｘ,スタンダード（内国株式）,卸売業
3174.T,12539900.0,13464900.0,True,ハピネス・アンド・ディ,スタンダード（内国株式）,小売業
3175.T,20007690.0,8150350.0,True,エー・ピーホールディングス,スタンダード（内国株式）,小売業
3176.T,469122046.0546875,356779350.0,False,三洋貿易,プライム（内国株式）,卸売業
3177.T,17179700.0,11082000.0,True,ありがとうサービス,スタンダード（内国株式）,小売業
3178.T,26117341.064453125,13310400.0,True,チムニー,スタンダード（内国株式）,小売業
3179.T,311286180.0,286943600.0,False,シュッピン,プライム（内国株式）,小売業
3180.T,54201170.0,43314550.0,True,ビューティガレージ,プライム（内国株式）,卸売業
3181.T,2680020.0,2243850.0,True,買取王国,スタンダード（内国株式）,小売業
3182.T,154064530.0,152689250.0,False,オイシックス,プライム（内国株式）,小売業
3183.T,32920300.0,30898500.0,True,ウイン・パートナーズ,プライム（内国株式）,卸売業
3184.T,1023750.0,409500.0,True,ＩＣＤＡホールディングス,スタンダード（内国株式）,小売業
3185.T,16620340.0,14697200.0,True,夢展望,グロース（内国株式）,小売業
3186.T,3204076490.0,2042347000.0,False,ネクステージ,プライム（内国株式）,小売業
3187.T,15619814.133911133,14528970.669555664,True,ミラタップ,グロース（内国株式）,小売業
3189.T,26592810.0,25678950.0,True,ＡＮＡＰホールディングス,スタンダード（内国株式）,小売業
3190.T,1125580.0,654250.0,True,ホットマン,スタンダード（内国株式）,小売業
3191.T,339509020.0,365466950.0,False,ジョイフル本田,プライム（内国株式）,小売業
3192.T,30943530.0,15481500.0,True,白鳩,スタンダード（内国株式）,小売業
3193.T,154840690.0,141790500.0,False,エターナルホスピタリティグループ,プライム（内国株式）,小売業
3195.T,15586570.0,16155900.0,True,ジェネレーションパス,スタンダード（内国株式）,小売業
3196.T,139681630.0,144262100.0,False,ホットランドホールディングス,プライム（内国株式）,小売業
3197.T,2805562680.0,2695285400.0,False,すかいらーくホールディングス,プライム（内国株式）,小売業
3199.T,89610190.0,77522800.0,True,綿半ホールディングス,プライム（内国株式）,小売業
319A.T,997680000.0,1003977500.0,False,技術承継機構,グロース（内国株式）,金属製品
3201.T,140834300.0,128447550.0,False,日本毛織,プライム（内国株式）,繊維製品
3202.T,4503190.0,4689100.0,True,ダイトウボウ,スタンダード（内国株式）,繊維製品
3204.T,3549070.0,2915300.0,True,トーア紡コーポレーション,スタンダード（内国株式）,繊維製品
3205.T,50073780.0,45271800.0,True,ダイドーリミテッド,スタンダード（内国株式）,繊維製品
3221.T,210913926.88232422,170323900.0,False,ヨシックスホールディングス,プライム（内国株式）,小売業
3222.T,329741000.0,271504750.0,False,ユナイテッド・スーパーマーケット・ホールディングス,スタンダード（内国株式）,小売業
3223.T,3314150.0,1535250.0,True,エスエルディー,スタンダード（内国株式）,小売業
3224.T,3985510.0,1575600.0,True,ゼネラル・オイスター,グロース（内国株式）,小売業
3231.T,5376627385.708618,4899011652.496338,False,野村不動産ホールディングス,プライム（内国株式）,不動産業
3232.T,159893108.80065918,117225050.0,False,三重交通グループホールディングス,プライム（内国株式）,不動産業
3236.T,22252010.0,19884800.0,True,プロパスト,スタンダード（内国株式）,不動産業
3237.T,27345000.0,24727150.0,True,イントランス,グロース（内国株式）,不動産業
3238.T,3624470.0,1931100.0,True,セントラル総合開発,スタンダード（内国株式）,不動産業
323A.T,4061420.0,2928750.0,True,フライヤー,グロース（内国株式）,情報・通信業
3241.T,1640320.0,1074950.0,True,ウィル,スタンダード（内国株式）,不動産業
3242.T,29390820.0,23452700.0,True,アーバネットコーポレーション,スタンダード（内国株式）,不動産業
3245.T,736255994.1040039,556681800.0,False,ディア・ライフ,プライム（内国株式）,不動産業
3246.T,3648340.0,3420450.0,True,コーセーアールイー,スタンダード（内国株式）,不動産業
3248.T,2951130.0,3031200.0,True,アールエイジ,スタンダード（内国株式）,不動産業
324A.T,6524810.0,5846600.0,True,ブッキングリゾート,グロース（内国株式）,サービス業
3252.T,459041510.0,420774000.0,False,地主,プライム（内国株式）,不動産業
325A.T,713158690.0,494518750.0,False,ＴＥＮＴＩＡＬ,グロース（内国株式）,繊維製品
3261.T,2044330.0,2011400.0,True,グランディーズ,グロース（内国株式）,不動産業
3266.T,2600380.0,2081700.0,True,ファンドクリエーショングループ,スタンダード（内国株式）,不動産業
3267.T,11448270.0,11114400.0,True,フィル・カンパニー,スタンダード（内国株式）,建設業
3276.T,120878440.0,91994700.0,True,ＪＰＭＣ,プライム（内国株式）,不動産業
3277.T,11575450.0,9483000.0,True,サンセイランディック,スタンダード（内国株式）,不動産業
3280.T,1764260.0,1263250.0,True,エストラスト,スタンダード（内国株式）,不動産業
3284.T,391541989.4970703,314219500.0,False,フージャースホールディングス,プライム（内国株式）,不動産業
3286.T,3269600.0,3060050.0,True,トラストホールディングス,スタンダード（内国株式）,不動産業
3288.T,2054764380.288086,2022089950.0,False,オープンハウスグループ,プライム（内国株式）,不動産業
3289.T,3821534962.0178223,3636969375.0,False,東急不動産ホールディングス,プライム（内国株式）,不動産業
3291.T,1212384760.4541016,1184274502.2705078,False,飯田グループホールディングス,プライム（内国株式）,不動産業
3293.T,4379962.482299805,3333650.0,True,アズマハウス,スタンダード（内国株式）,不動産業
3297.T,4596710.0,3247950.0,True,東武住販,スタンダード（内国株式）,不動産業
3299.T,203879510.0,216433600.0,False,ムゲンエステート,スタンダード（内国株式）,不動産業
3300.T,65079530.0,61143750.0,True,アンビション　ＤＸ　ホールディングス,グロース（内国株式）,不動産業
3302.T,179135240.0,171744500.0,False,帝国繊維,プライム（内国株式）,繊維製品
3306.T,68946570.0,58592000.0,True,日本製麻,スタンダード（内国株式）,卸売業
330A.T,6643990.0,6274150.0,True,ＴａｌｅｎｔＸ,グロース（内国株式）,情報・通信業
3315.T,844609860.0,724000000.0,False,日本コークス工業,プライム（内国株式）,石油・石炭製品
3317.T,1912690.0,1633500.0,True,フライングガーデン,スタンダード（内国株式）,小売業
331A.T,2170619.308166504,1334450.0,True,メディックス,スタンダード（内国株式）,サービス業
3320.T,5389850.0,5136950.0,True,クロスプラス,スタンダード（内国株式）,卸売業
3321.T,116152130.0,110010200.0,False,ミタチ産業,スタンダード（内国株式）,卸売業
3323.T,27892621.38900757,23794095.906066895,True,レカム,スタンダード（内国株式）,卸売業
3326.T,3621680.0,4056900.0,True,ランシステム,スタンダード（内国株式）,サービス業
3329.T,14829150.0,11641650.0,True,東和フードサービス,スタンダード（内国株式）,小売業
332A.T,64675590.0,60029450.0,True,ミーク,グロース（内国株式）,情報・通信業
3333.T,264242680.0,195857500.0,False,あさひ,プライム（内国株式）,小売業
3349.T,2351575360.0,2429696500.0,False,コスモス薬品,プライム（内国株式）,小売業
334A.T,5706590.0,6043000.0,True,ビジュアル・プロセッシング・ジャパン,グロース（内国株式）,情報・通信業
3350.T,5888261290.0,6082797450.0,False,メタプラネット,スタンダード（内国株式）,卸売業
3352.T,1691782.8442382812,1426800.0,True,バッファロー,スタンダード（内国株式）,小売業
3353.T,5409420.0,4344550.0,True,メディカル一光グループ,スタンダード（内国株式）,小売業
3355.T,29675360.0,28191450.0,True,クリヤマホールディングス,スタンダード（内国株式）,卸売業
3358.T,6001636.347045898,6610831.735229492,True,Ｔｒａｉｌｈｅａｄ　Ｇｌｏｂａｌ　Ｈｏｌｄｉｎｇｓ,スタンダード（内国株式）,小売業
3359.T,23276186.21154785,18437900.0,True,ｃｏｔｔａ,グロース（内国株式）,卸売業
335A.T,3883550.0,4229400.0,True,ミライロ,グロース（内国株式）,情報・通信業
3360.T,543714025.0,555243525.0,False,シップヘルスケアホールディングス,プライム（内国株式）,卸売業
3361.T,4681750.0,4949900.0,True,トーエル,スタンダード（内国株式）,小売業
336A.T,10815581560.0,7150807350.0,False,ダイナミックマッププラットフォーム,グロース（内国株式）,情報・通信業
3370.T,3641040.0,3214600.0,True,フジタコーポレーション,スタンダード（内国株式）,小売業
3371.T,156818121.5283203,99206100.0,True,ソフトクリエイトホールディングス,プライム（内国株式）,情報・通信業
3372.T,5186910.0,3807250.0,True,関門海,スタンダード（内国株式）,小売業
3374.T,291481950.0,296750500.0,False,内外テック,スタンダード（内国株式）,卸売業
3375.T,1355810.0,968850.0,True,ＺＯＡ,スタンダード（内国株式）,小売業
3377.T,30547980.0,20039200.0,True,バイク王＆カンパニー,スタンダード（内国株式）,卸売業
3382.T,16231267235.0,15931179450.0,False,セブン＆アイ・ホールディングス,プライム（内国株式）,小売業
3386.T,5601090.0,5672100.0,True,コスモ・バイオ,スタンダード（内国株式）,卸売業
3387.T,698264220.0,689380550.0,False,クリエイト・レストランツ・ホールディングス,プライム（内国株式）,小売業
3388.T,64808577.34375,52736000.0,True,明治電機工業,プライム（内国株式）,卸売業
338A.T,7235354450.0,3842197500.0,False,ＺｅｎｍｕＴｅｃｈ,グロース（内国株式）,情報・通信業
3391.T,4716941745.0,3655750950.0,False,ツルハホールディングス,プライム（内国株式）,小売業
3392.T,32528110.0,29540650.0,True,デリカフーズホールディングス,スタンダード（内国株式）,卸売業
3393.T,95885025.52734375,89326500.0,True,スターティアホールディングス,プライム（内国株式）,卸売業
3395.T,249357711.03515625,219606100.0,False,サンマルクホールディングス,プライム（内国株式）,小売業
3396.T,7238510.0,4688000.0,True,フェリシモ,スタンダード（内国株式）,小売業
3397.T,1906572640.0,1472888750.0,False,トリドールホールディングス,プライム（内国株式）,小売業
3399.T,360740350.0,266419500.0,False,丸千代山岡家,スタンダード（内国株式）,小売業
339A.T,9758420.0,7164500.0,True,プログレス・テクノロジーズ　グループ,グロース（内国株式）,サービス業
3401.T,1004324108.4594727,997264692.2973633,False,帝人,プライム（内国株式）,繊維製品
3402.T,5777384167.96875,5292536725.0,False,東レ,プライム（内国株式）,繊維製品
3405.T,2502084170.0,2343147350.0,False,クラレ,プライム（内国株式）,化学
3407.T,7236524174.7265625,7021642300.0,False,旭化成,プライム（内国株式）,化学
3409.T,5410410.0,3362500.0,True,北紡,スタンダード（内国株式）,繊維製品
340A.T,2336720.0,2159600.0,True,ジグザグ,グロース（内国株式）,情報・通信業
3415.T,138033780.0,110587500.0,False,ＴＯＫＹＯ　ＢＡＳＥ,プライム（内国株式）,小売業
3416.T,1531400.0,538950.0,True,ピクスタ,スタンダード（内国株式）,小売業
3417.T,7140030.0,6709550.0,True,大木ヘルスケアホールディングス,スタンダード（内国株式）,卸売業
3418.T,11925600.0,10127900.0,True,バルニバービ,グロース（内国株式）,小売業
341A.T,81707430.0,82236600.0,True,トヨコー,グロース（内国株式）,建設業
3420.T,4960480.0,2888000.0,True,ケー・エフ・シー,スタンダード（内国株式）,金属製品
3421.T,42193730.0,39597450.0,True,稲葉製作所,スタンダード（内国株式）,金属製品
3422.T,34871884.18457031,22000620.922851562,True,Ｊ－ＭＡＸ,スタンダード（内国株式）,金属製品
3423.T,4237120.0,2629950.0,True,エスイー,スタンダード（内国株式）,金属製品
3426.T,1957400.0,2280150.0,True,アトムリビンテック,スタンダード（内国株式）,金属製品
3431.T,175978953.76831055,156171950.0,False,宮地エンジニアリンググループ,プライム（内国株式）,金属製品
3433.T,664817927.3632812,619647750.0,False,トーカロ,プライム（内国株式）,金属製品
3434.T,7271234.073486328,7788100.0,True,アルファＣｏ,スタンダード（内国株式）,金属製品
3435.T,3914290.0,3448900.0,True,サンコーテクノ,スタンダード（内国株式）,金属製品
3436.T,36749051500.0,37240106800.0,False,ＳＵＭＣＯ,プライム（内国株式）,金属製品
3437.T,1255691.50390625,912650.0,True,特殊電極,スタンダード（内国株式）,金属製品
3439.T,1212260.0,715250.0,True,三ツ知,スタンダード（内国株式）,金属製品
343A.T,9986140.0,8831000.0,True,ＩＡＣＥトラベル,スタンダード（内国株式）,サービス業
3440.T,10726120.0,11986350.0,True,日創グループ,スタンダード（内国株式）,金属製品
3441.T,105839820.0,90337700.0,True,山王,スタンダード（内国株式）,金属製品
3443.T,278323220.95703125,235119750.0,False,川田テクノロジーズ,プライム（内国株式）,金属製品
3444.T,282139570.0,217456400.0,False,菊池製作所,スタンダード（内国株式）,金属製品
3445.T,1173536200.0,1003046000.0,False,ＲＳ　Ｔｅｃｈｎｏｌｏｇｉｅｓ,プライム（内国株式）,金属製品
3446.T,21457390.0,16627400.0,True,ジェイテックコーポレーション,スタンダード（内国株式）,金属製品
3447.T,41710081.796875,39644050.0,True,信和,スタンダード（内国株式）,金属製品
3449.T,480110350.0,496192500.0,False,テクノフレックス,スタンダード（内国株式）,金属製品
3452.T,107349740.0,97409300.0,True,ビーロット,スタンダード（内国株式）,不動産業
3454.T,6701170.0,5057850.0,True,ファーストブラザーズ,スタンダード（内国株式）,不動産業
3457.T,245668750.0,256515900.0,False,Ａｎｄ　Ｄｏホールディングス,プライム（内国株式）,不動産業
3461.T,7079221.740722656,5594608.703613281,True,パルマ,スタンダード（内国株式）,不動産業
3465.T,434950771.11328125,413316250.0,False,ケイアイスター不動産,プライム（内国株式）,不動産業
3467.T,16659600.0,12522850.0,True,アグレ都市デザイン,スタンダード（内国株式）,不動産業
3469.T,5898380.0,1831500.0,True,デュアルタップ,スタンダード（内国株式）,不動産業
3474.T,1261770.0,1160700.0,True,Ｇ－ＦＡＣＴＯＲＹ,グロース（内国株式）,不動産業
3475.T,231759430.0,196501750.0,False,グッドコムアセット,プライム（内国株式）,不動産業
3477.T,5248615.531005859,2183800.0,True,フォーライフ,スタンダード（内国株式）,不動産業
3479.T,100745630.0,93030600.0,True,ＴＫＰ,グロース（内国株式）,不動産業
3482.T,255064860.0,263714000.0,False,ロードスターキャピタル,プライム（内国株式）,不動産業
3484.T,12317380.0,7673450.0,True,イノベーションホールディングス,スタンダード（内国株式）,不動産業
3486.T,225394400.0,193962000.0,False,グローバル・リンク・マネジメント,プライム（内国株式）,不動産業
3489.T,41121410.0,37242600.0,True,フェイスネットワーク,スタンダード（内国株式）,不動産業
3490.T,5090850.0,4357500.0,True,アズ企画設計,スタンダード（内国株式）,不動産業
3491.T,319592920.0,308672000.0,False,ＧＡ　ｔｅｃｈｎｏｌｏｇｉｅｓ,グロース（内国株式）,不動産業
3494.T,4681680.705871582,3464953.52935791,True,マリオン,スタンダード（内国株式）,不動産業
3495.T,2050493.125,668200.0,True,香陵住販,スタンダード（内国株式）,不動産業
3496.T,257721496.58691406,262156000.0,False,アズーム,プライム（内国株式）,不動産業
3498.T,4352144400.0,2436029000.0,False,霞ヶ関キャピタル,プライム（内国株式）,不動産業
3501.T,15639610.0,16038900.0,True,ＳＵＭＩＮＯＥ,プライム（内国株式）,繊維製品
350A.T,274046070.0,254506000.0,False,デジタルグリッド,グロース（内国株式）,電気・ガス業
3512.T,17238171.521606445,12486950.0,True,日本フエルト,スタンダード（内国株式）,繊維製品
3513.T,6396644.82421875,6409250.0,True,イチカワ,スタンダード（内国株式）,繊維製品
3521.T,1889870.0,1810450.0,True,テルマー湯ホールディングス,スタンダード（内国株式）,サービス業
3524.T,2333810.0,2066000.0,True,日東製網,スタンダード（内国株式）,繊維製品
3529.T,66654950.0,35448000.0,True,アツギ,スタンダード（内国株式）,繊維製品
352A.T,2681690.0,2596700.0,True,ＬＯＩＶＥ,グロース（内国株式）,サービス業
3536.T,1127240.0,502500.0,True,アクサスホールディングス,スタンダード（内国株式）,小売業
3537.T,12807970.0,10068600.0,True,昭栄薬品,スタンダード（内国株式）,卸売業
3538.T,11091030.0,8932100.0,True,ウイルプラスホールディングス,スタンダード（内国株式）,小売業
3539.T,189762030.0,192118500.0,False,ＪＭホールディングス,プライム（内国株式）,小売業
3542.T,15324320.0,12673300.0,True,ベガコーポレーション,グロース（内国株式）,小売業
3543.T,530651680.0,551966650.0,False,コメダホールディングス,プライム（内国株式）,卸売業
3544.T,27445200.0,20808200.0,True,サツドラホールディングス,スタンダード（内国株式）,小売業
3547.T,61396120.0,61187900.0,True,ユニシアホールディングス,スタンダード（内国株式）,小売業
3548.T,107134620.0,92147150.0,True,バロックジャパンリミテッド,プライム（内国株式）,小売業
3549.T,2320462910.0,1714519800.0,False,クスリのアオキホールディングス,スタンダード（内国株式）,小売業
3550.T,2412660.0,2277000.0,True,スタジオアタオ,グロース（内国株式）,小売業
3551.T,27202050.0,20480300.0,True,ダイニック,スタンダード（内国株式）,繊維製品
3553.T,31398337.5201416,30328900.0,True,共和レザー,スタンダード（内国株式）,化学
3556.T,23709360.0,17944350.0,True,リネットジャパングループ,グロース（内国株式）,小売業
3557.T,3674900.0,3150650.0,True,ユナイテッド＆コレクティブ,グロース（内国株式）,小売業
3558.T,132805600.0,130408150.0,False,ジェイドグループ,グロース（内国株式）,小売業
3559.T,3903470.0,2521300.0,True,ピーバンドットコム,スタンダード（内国株式）,卸売業
3560.T,13081700.0,10093000.0,True,ほぼ日,スタンダード（内国株式）,小売業
3561.T,231402299.24072266,211014400.0,False,力の源ホールディングス,プライム（内国株式）,小売業
3562.T,524641930.0,23002100.0,True,Ｎｏ．１,スタンダード（内国株式）,卸売業
3563.T,12202457776.914062,11947068700.0,False,ＦＯＯＤ　＆　ＬＩＦＥ　ＣＯＭＰＡＮＩＥＳ,プライム（内国株式）,小売業
3565.T,106867420.0,76328250.0,True,アセンテック,スタンダード（内国株式）,卸売業
3566.T,4487430.0,3684150.0,True,ユニフォームネクスト,グロース（内国株式）,小売業
3569.T,585632319.3041992,538973146.5209961,False,セーレン,プライム（内国株式）,繊維製品
3571.T,4014546.8017578125,3410300.0,True,ソトー,スタンダード（内国株式）,繊維製品
3577.T,1281530.0,972300.0,True,東海染工,スタンダード（内国株式）,繊維製品
3580.T,83876690.08300781,63665150.0,True,小松マテーレ,プライム（内国株式）,繊維製品
3583.T,794990.0,409000.0,True,オーベクス,スタンダード（内国株式）,繊維製品
3591.T,666299972.421875,668143912.109375,False,ワコールホールディングス,プライム（内国株式）,繊維製品
3597.T,21213700.0,17391500.0,True,自重堂,スタンダード（内国株式）,繊維製品
3598.T,2674370.0,1874950.0,True,山喜,スタンダード（内国株式）,繊維製品
3600.T,536530.0,357000.0,True,フジックス,スタンダード（内国株式）,繊維製品
3607.T,24342500.0,7354000.0,True,クラウディアホールディングス,スタンダード（内国株式）,繊維製品
3608.T,319017520.0,313487300.0,False,ＴＳＩホールディングス,プライム（内国株式）,繊維製品
3611.T,41150780.0,44064000.0,True,マツオカコーポレーション,スタンダード（内国株式）,繊維製品
3612.T,503477050.0,430297250.0,False,ワールド,プライム（内国株式）,繊維製品
3622.T,2743460.0,1660350.0,True,ネットイヤーグループ,スタンダード（内国株式）,情報・通信業
3623.T,20734170.0,18867700.0,True,ビリングシステム,グロース（内国株式）,情報・通信業
3624.T,57432110.0,53617700.0,True,アクセルマーク,グロース（内国株式）,情報・通信業
3625.T,16437380.0,15776600.0,True,テックファームホールディングス,グロース（内国株式）,情報・通信業
3626.T,3539905687.0898438,2958696600.0,False,ＴＩＳＩ,プライム（内国株式）,情報・通信業
3627.T,7619780.0,5487600.0,True,テクミラホールディングス,スタンダード（内国株式）,情報・通信業
3628.T,5977380.0,5568750.0,True,データホライゾン,グロース（内国株式）,情報・通信業
3632.T,198691050.0,183472900.0,False,グリーホールディングス,プライム（内国株式）,情報・通信業
3633.T,56883020.0,54379500.0,True,ＧＭＯペパボ,スタンダード（内国株式）,情報・通信業
3634.T,55902640.0,16396150.0,True,ソケッツ,スタンダード（内国株式）,情報・通信業
3635.T,1359567185.0,1254162050.0,False,コーエーテクモホールディングス,プライム（内国株式）,情報・通信業
3636.T,165434744.21875,154232000.0,False,三菱総合研究所,プライム（内国株式）,情報・通信業
3639.T,1125340.0,708950.0,True,ボルテージ,スタンダード（内国株式）,情報・通信業
3640.T,28927593.2421875,23356450.0,True,電算,スタンダード（内国株式）,情報・通信業
3641.T,2774890.0,1995900.0,True,パピレス,スタンダード（内国株式）,情報・通信業
3645.T,4951470.0,4912700.0,True,メディカルネット,スタンダード（内国株式）,情報・通信業
3646.T,1742090.0,1076600.0,True,駅探,スタンダード（内国株式）,情報・通信業
3647.T,5565130.0,5201250.0,True,アスリナ,スタンダード（内国株式）,情報・通信業
3648.T,8602780.13671875,4502750.0,True,ＡＧＳ,スタンダード（内国株式）,情報・通信業
3649.T,39426980.0,39241700.0,True,ファインデックス,プライム（内国株式）,情報・通信業
3652.T,143111200.0,114947250.0,False,ディジタルメディアプロフェッショナル,グロース（内国株式）,情報・通信業
3653.T,609747400.0,361591500.0,False,モルフォ,グロース（内国株式）,情報・通信業
3656.T,256309560.0,219673100.0,False,ＫＬａｂ,プライム（内国株式）,情報・通信業
3657.T,103995580.0,83910800.0,True,ポールトゥウィンホールディングス,プライム（内国株式）,情報・通信業
3659.T,9845634843.603516,9647007418.017578,False,ネクソン,プライム（内国株式）,情報・通信業
365A.T,17722480.0,15961700.0,True,伊澤タオル,スタンダード（内国株式）,繊維製品
3660.T,419442350.0,369664400.0,False,アイスタイル,プライム（内国株式）,情報・通信業
3661.T,311061840.0,298447650.0,False,エムアップホールディングス,プライム（内国株式）,情報・通信業
3662.T,65954210.0,62056750.0,True,エイチームホールディングス,プライム（内国株式）,情報・通信業
3663.T,325356290.0,302386750.0,False,セルシス,プライム（内国株式）,情報・通信業
3664.T,955653310.0,1057550500.0,False,ＷＩＺＥ,グロース（内国株式）,情報・通信業
3665.T,60972450.0,54348200.0,True,エニグモ,プライム（内国株式）,情報・通信業
3667.T,5286730.0,3259750.0,True,ｅｎｉｓｈ,スタンダード（内国株式）,情報・通信業
3668.T,266282450.0,250445200.0,False,コロプラ,プライム（内国株式）,情報・通信業
366A.T,36143960.0,30013800.0,True,ウェルネス・コミュニケーションズ,グロース（内国株式）,サービス業
3671.T,10720890.0,9294150.0,True,ソフトマックス,スタンダード（内国株式）,情報・通信業
3672.T,3964340.0,2251850.0,True,オルトプラス,スタンダード（内国株式）,情報・通信業
3673.T,242419120.0,201866400.0,False,ブロードリーフ,プライム（内国株式）,情報・通信業
3674.T,6099750.0,1849650.0,True,オークファン,グロース（内国株式）,情報・通信業
3675.T,12972270.0,12758200.0,True,クロス・マーケティンググループ,スタンダード（内国株式）,情報・通信業
3676.T,63084020.0,68598750.0,True,デジタルハーツホールディングス,プライム（内国株式）,情報・通信業
3678.T,45254120.0,47829300.0,True,メディアドゥ,プライム（内国株式）,情報・通信業
3679.T,220557940.0,161373550.0,False,じげん,プライム（内国株式）,情報・通信業
367A.T,99964990.0,79901700.0,True,プリモグローバルホールディングス,スタンダード（内国株式）,小売業
3680.T,6425860.0,3427050.0,True,ホットリンク,グロース（内国株式）,情報・通信業
3682.T,16326600.0,3068700.0,True,エンカレッジ・テクノロジ,スタンダード（内国株式）,情報・通信業
3683.T,27855040.0,25725400.0,True,サイバーリンクス,スタンダード（内国株式）,情報・通信業
3686.T,52937670.0,13255900.0,True,ディー・エル・イー,スタンダード（内国株式）,情報・通信業
3687.T,1116154691.4501953,1064535700.0,False,フィックスターズ,プライム（内国株式）,情報・通信業
368A.T,133427300.0,129634700.0,False,北里,プライム（内国株式）,精密機器
3690.T,6239792.424316406,4409850.0,True,イルグルム,スタンダード（内国株式）,情報・通信業
3691.T,31255740.0,30595300.0,True,デジタルプラス,グロース（内国株式）,情報・通信業
3692.T,7350129700.0,3408523500.0,False,ＦＦＲＩセキュリティ,グロース（内国株式）,情報・通信業
3694.T,71789500.0,72527600.0,True,オプティム,プライム（内国株式）,情報・通信業
3695.T,29124940.0,18584400.0,True,ＧＭＯプロダクトプラットフォーム,グロース（内国株式）,情報・通信業
3696.T,383047510.0,244010500.0,False,セレス,プライム（内国株式）,情報・通信業
3697.T,3121258852.883911,2985318287.9089355,False,ＳＨＩＦＴ,プライム（内国株式）,情報・通信業
3698.T,4185865.7373046875,4435500.0,True,ＣＲＩ・ミドルウェア,スタンダード（内国株式）,情報・通信業
369A.T,22601420.0,25384450.0,True,エータイ,グロース（内国株式）,サービス業
3708.T,163491767.79296875,161515538.96484375,False,特種東海製紙,プライム（内国株式）,パルプ・紙
3710.T,2295100.346069336,1218700.0,True,ジョルダン,スタンダード（内国株式）,情報・通信業
3712.T,5575870.61340332,2250800.0,True,情報企画,スタンダード（内国株式）,情報・通信業
3719.T,50093560.0,31463200.0,True,ＡＩストーム,スタンダード（内国株式）,情報・通信業
3723.T,103320552.37792969,38283300.0,True,日本ファルコム,グロース（内国株式）,情報・通信業
3726.T,12167840.0,7805450.0,True,フォーシーズＨＤ,スタンダード（内国株式）,小売業
3727.T,5862570.0,5286400.0,True,アプリックス,グロース（内国株式）,情報・通信業
372A.T,21871000.0,20052000.0,True,レント,スタンダード（内国株式）,サービス業
3733.T,30943800.0,29680500.0,True,ソフトウェア・サービス,スタンダード（内国株式）,情報・通信業
373A.T,5178980.0,4907200.0,True,リップス,グロース（内国株式）,化学
3741.T,163666550.0,150268250.0,False,セック,プライム（内国株式）,情報・通信業
3744.T,4474740.0,4495800.0,True,サイオス,スタンダード（内国株式）,情報・通信業
3747.T,16786140.0,12250600.0,True,インタートレード,スタンダード（内国株式）,情報・通信業
3750.T,7405540.0,4771200.0,True,ＡＤＲバイオメディカルホールディングス,スタンダード（内国株式）,情報・通信業
3753.T,53293670.0,26810600.0,True,フライトソリューションズ,スタンダード（内国株式）,情報・通信業
3758.T,2971550.0,2634150.0,True,アエリア,スタンダード（内国株式）,情報・通信業
3760.T,6816570.0,6313400.0,True,ケイブ,スタンダード（内国株式）,情報・通信業
3762.T,1196687513.7939453,616160918.9697266,False,テクマトリックス,プライム（内国株式）,情報・通信業
3763.T,117586730.0,109985200.0,False,プロシップ,プライム（内国株式）,情報・通信業
3765.T,471103540.0,455884500.0,False,ガンホー・オンライン・エンターテイメント,プライム（内国株式）,情報・通信業
3766.T,3892370.0,2489650.0,True,システムズ・デザイン,スタンダード（内国株式）,情報・通信業
3768.T,3313240.0,2088200.0,True,リスクモンスター,スタンダード（内国株式）,情報・通信業
3769.T,2355414815.8007812,2219447100.0,False,ＧＭＯペイメントゲートウェイ,プライム（内国株式）,情報・通信業
3771.T,152141180.0,88959750.0,True,システムリサーチ,プライム（内国株式）,情報・通信業
3772.T,30859510.0,23873400.0,True,ウェルス・マネジメント,スタンダード（内国株式）,不動産業
3773.T,27518380.0,25625100.0,True,アドバンスト・メディア,グロース（内国株式）,情報・通信業
3774.T,1677729574.4726562,1579308372.3632812,False,インターネットイニシアティブ,プライム（内国株式）,情報・通信業
3776.T,187032300.0,78896000.0,True,ブロードバンドタワー,スタンダード（内国株式）,情報・通信業
3777.T,44700860.0,41332600.0,True,環境フレンドリーホールディングス,グロース（内国株式）,情報・通信業
3778.T,2844329750.0,2425669750.0,False,さくらインターネット,プライム（内国株式）,情報・通信業
3779.T,3092660.0,3216850.0,True,ジェイ・エスコムホールディングス,スタンダード（内国株式）,情報・通信業
3788.T,118670490.0,62062700.0,True,ＧＭＯグローバルサイン・ホールディングス,プライム（内国株式）,情報・通信業
378A.T,24505600.0,25278000.0,True,ヒット,グロース（内国株式）,サービス業
3791.T,57521280.0,46777800.0,True,ＩＧポート,スタンダード（内国株式）,情報・通信業
3793.T,50013370.0,36711700.0,True,ドリコム,グロース（内国株式）,情報・通信業
3796.T,9880230.0,3557400.0,True,いい生活,スタンダード（内国株式）,情報・通信業
3798.T,130346720.0,117194900.0,False,ＵＬＳグループ,スタンダード（内国株式）,情報・通信業
3799.T,10135920.075683594,7767800.0,True,キーウェアソリューションズ,スタンダード（内国株式）,情報・通信業
3800.T,5565057.347412109,2949750.0,True,ユニリタ,スタンダード（内国株式）,情報・通信業
3802.T,1562640.0,1343500.0,True,エコミック,スタンダード（内国株式）,情報・通信業
3803.T,103256780.0,55478700.0,True,イメージ情報開発,グロース（内国株式）,情報・通信業
3804.T,1813220.0,1619800.0,True,システム　ディ,スタンダード（内国株式）,情報・通信業
3807.T,26622640.0,24613800.0,True,フィスコ,グロース（内国株式）,情報・通信業
3810.T,72400900.0,64658300.0,True,サイバーステップホールディングス,スタンダード（内国株式）,情報・通信業
3815.T,3016810.0,2300050.0,True,メディア工房,グロース（内国株式）,情報・通信業
3816.T,586230.0,609300.0,True,大和コンピューター,スタンダード（内国株式）,情報・通信業
3817.T,191973176.19628906,172741000.0,False,ＳＲＡホールディングス,プライム（内国株式）,情報・通信業
3823.T,60644450.0,38554000.0,True,ＴＨＥ　ＷＨＹ　ＨＯＷ　ＤＯ　ＣＯＭＰＡＮＹ,スタンダード（内国株式）,情報・通信業
3825.T,271462260.0,275117700.0,False,リミックスポイント,スタンダード（内国株式）,小売業
3826.T,3266730.0,3192750.0,True,システムインテグレータ,スタンダード（内国株式）,情報・通信業
3834.T,42798149.95666504,36728350.0,True,朝日ネット,プライム（内国株式）,情報・通信業
3835.T,31557863.116455078,32388450.0,True,ｅＢＡＳＥ,プライム（内国株式）,情報・通信業
3836.T,97459870.0,93366100.0,True,アバントグループ,プライム（内国株式）,情報・通信業
3837.T,129492018.33740234,101075350.0,False,アドソル日進,プライム（内国株式）,情報・通信業
3839.T,3036261.2854003906,1182600.0,True,ＯＤＫソリューションズ,スタンダード（内国株式）,情報・通信業
3840.T,8657510.0,8984450.0,True,ヴィクトン,スタンダード（内国株式）,情報・通信業
3841.T,983840.0,783750.0,True,ジーダット,スタンダード（内国株式）,情報・通信業
3842.T,9758313.850097656,8583900.0,True,ネクストジェン,スタンダード（内国株式）,情報・通信業
3843.T,73213950.0,71474300.0,True,フリービット,プライム（内国株式）,情報・通信業
3844.T,416199107.5878906,310738000.0,False,コムチュア,プライム（内国株式）,情報・通信業
3845.T,18952020.0,16822200.0,True,アイフリークモバイル,スタンダード（内国株式）,情報・通信業
3848.T,2235760.0,1797850.0,True,データ・アプリケーション,スタンダード（内国株式）,情報・通信業
3850.T,102773200.0,96097000.0,True,エヌ・ティ・ティ・データ・イントラマート,スタンダード（内国株式）,情報・通信業
3851.T,72965070.0,58633300.0,True,日本一ソフトウェア,スタンダード（内国株式）,情報・通信業
3853.T,194044390.0,187670000.0,False,アステリア,プライム（内国株式）,情報・通信業
3854.T,168253540.0,163072350.0,False,アイル,プライム（内国株式）,情報・通信業
3858.T,39836240.0,9848300.0,True,ユビキタスＡＩ,スタンダード（内国株式）,情報・通信業
3861.T,3433255529.034424,3368861359.3322754,False,王子ホールディングス,プライム（内国株式）,パルプ・紙
3863.T,699983092.5244141,676505112.6220703,False,日本製紙,プライム（内国株式）,パルプ・紙
3864.T,156102686.29516602,165982250.0,False,三菱製紙,プライム（内国株式）,パルプ・紙
3865.T,215835353.07250977,191792500.0,False,北越コーポレーション,プライム（内国株式）,パルプ・紙
386A.T,2219230.0,1566250.0,True,みのや,スタンダード（内国株式）,小売業
3877.T,87716596.29882812,77193700.0,True,中越パルプ工業,プライム（内国株式）,パルプ・紙
3878.T,89362720.0,52044800.0,True,巴川コーポレーション,スタンダード（内国株式）,化学
387A.T,1414410.0,1018600.0,True,フラー,グロース（内国株式）,情報・通信業
3880.T,281380508.02001953,261716400.0,False,大王製紙,プライム（内国株式）,パルプ・紙
3891.T,728818704.8681641,674762000.0,False,ニッポン高度紙工業,スタンダード（内国株式）,パルプ・紙
3892.T,4406900.0,2733900.0,True,岡山製紙,スタンダード（内国株式）,パルプ・紙
3895.T,8805770.0,7061500.0,True,ハビックス,スタンダード（内国株式）,パルプ・紙
3896.T,3384375.5517578125,3014400.0,True,阿波製紙,スタンダード（内国株式）,パルプ・紙
3900.T,124064590.0,106660300.0,False,クラウドワークス,グロース（内国株式）,情報・通信業
3901.T,88574170.0,91176000.0,True,マークラインズ,プライム（内国株式）,情報・通信業
3903.T,88355280.0,83639750.0,True,ｇｕｍｉ,プライム（内国株式）,情報・通信業
3904.T,5564690.0,4350800.0,True,カヤック,グロース（内国株式）,情報・通信業
3905.T,15288171360.0,11029472150.0,False,データセクション,グロース（内国株式）,情報・通信業
3907.T,354369170.0,420096900.0,False,シリコンスタジオ,スタンダード（内国株式）,情報・通信業
3908.T,2486880.0,1183150.0,True,コラボス,スタンダード（内国株式）,情報・通信業
3909.T,233070010.0,1456700.0,True,ショーケース,スタンダード（内国株式）,情報・通信業
3910.T,1460350.0,770900.0,True,エムケイシステム,スタンダード（内国株式）,情報・通信業
3911.T,24791830.0,24855600.0,True,Ａｉｍｉｎｇ,グロース（内国株式）,情報・通信業
3912.T,31494960.0,29308550.0,True,モバイルファクトリー,スタンダード（内国株式）,情報・通信業
3913.T,7335700.0,7064800.0,True,ＧｒｅｅｎＢｅｅ,スタンダード（内国株式）,情報・通信業
3914.T,34382760.0,27655550.0,True,ＪＩＧ－ＳＡＷ,グロース（内国株式）,情報・通信業
3915.T,165771580.0,147492850.0,False,テラスカイ,プライム（内国株式）,情報・通信業
3916.T,109564120.0,86724800.0,True,デジタル・インフォメーション・テクノロジー,プライム（内国株式）,情報・通信業
3917.T,7039230.0,5403150.0,True,アイリッジ,グロース（内国株式）,情報・通信業
3918.T,11571543.430175781,11502800.0,True,ＰＣＩホールディングス,スタンダード（内国株式）,情報・通信業
3920.T,2077805.3045654297,929950.0,True,アイビーシー,スタンダード（内国株式）,情報・通信業
3921.T,24994230.0,24236750.0,True,ネオジャパン,プライム（内国株式）,情報・通信業
3922.T,90991460.0,71488300.0,True,ＰＲ　ＴＩＭＥＳ,プライム（内国株式）,情報・通信業
3923.T,1701952210.0,1763115000.0,False,ラクス,プライム（内国株式）,情報・通信業
3925.T,36134240.0,34915150.0,True,ダブルスタンダード,プライム（内国株式）,情報・通信業
3926.T,15619660.0,15419500.0,True,オープンドア,スタンダード（内国株式）,情報・通信業
3927.T,1010708103.225708,29032850.0,True,フーバーブレイン,スタンダード（内国株式）,情報・通信業
3928.T,3685460.0,2087550.0,True,マイネット,スタンダード（内国株式）,情報・通信業
3929.T,4941640.0,4032900.0,True,ソーシャルワイヤー,グロース（内国株式）,情報・通信業
3930.T,6686430.0,4465250.0,True,はてな,グロース（内国株式）,情報・通信業
3931.T,2088400.0,1704900.0,True,バリューゴルフ,グロース（内国株式）,情報・通信業
3932.T,306026084.11621094,283389750.0,False,アカツキ,プライム（内国株式）,情報・通信業
3933.T,1982070.0,1768800.0,True,チエル,スタンダード（内国株式）,情報・通信業
3934.T,4059110.0,2915000.0,True,ベネフィットジャパン,スタンダード（内国株式）,情報・通信業
3935.T,17691090.0,16750800.0,True,エディア,スタンダード（内国株式）,情報・通信業
3936.T,24131440.0,20631000.0,True,グローバルウェイ,グロース（内国株式）,情報・通信業
3937.T,59686130.0,32215650.0,True,Ｕｂｉｃｏｍホールディングス,スタンダード（内国株式）,情報・通信業
3939.T,55410254.80743408,52192224.03717041,True,カナミックネットワーク,プライム（内国株式）,情報・通信業
3940.T,20977740.0,24937100.0,True,ノムラシステムコーポレーション,スタンダード（内国株式）,情報・通信業
3941.T,1478462161.1328125,1477943500.0,False,レンゴー,プライム（内国株式）,パルプ・紙
3943.T,2397650.0,1899050.0,True,大石産業,スタンダード（内国株式）,パルプ・紙
3944.T,685300.0,623000.0,True,古林紙工,スタンダード（内国株式）,パルプ・紙
3945.T,4841110.0,3199850.0,True,スーパーバッグ,スタンダード（内国株式）,パルプ・紙
3946.T,247066635.79589844,207041000.0,False,トーモク,プライム（内国株式）,パルプ・紙
3947.T,7649650.0,4275500.0,True,ダイナパック,スタンダード（内国株式）,パルプ・紙
3948.T,1883370.0,1368500.0,True,光ビジネスフォーム,スタンダード（内国株式）,パルプ・紙
3950.T,109913670.0,107348800.0,False,ザ・パック,プライム（内国株式）,パルプ・紙
3951.T,14105150.466308594,15584800.0,True,朝日印刷,スタンダード（内国株式）,パルプ・紙
3953.T,1178000.0,993750.0,True,大村紙業,スタンダード（内国株式）,パルプ・紙
3954.T,1183800.0,933000.0,True,昭和パックス,スタンダード（内国株式）,パルプ・紙
3955.T,2166640.0,1734000.0,True,イムラ,スタンダード（内国株式）,パルプ・紙
3958.T,4762010.0,2923450.0,True,笹徳印刷,スタンダード（内国株式）,パルプ・紙
3962.T,159098140.0,162485650.0,False,チェンジホールディングス,プライム（内国株式）,情報・通信業
3963.T,23966980.0,16261900.0,True,シンクロ・フード,プライム（内国株式）,情報・通信業
3964.T,519740690.0,540016950.0,False,オークネット,プライム（内国株式）,情報・通信業
3965.T,8324578.990478516,5918000.0,True,キャピタル・アセット・プランニング,スタンダード（内国株式）,情報・通信業
3967.T,464340070.0,35112000.0,True,エルテス,グロース（内国株式）,情報・通信業
3968.T,619269440.0,231662150.0,False,セグエグループ,プライム（内国株式）,情報・通信業
3969.T,5781994.611816406,5632800.0,True,エイトレッド,スタンダード（内国株式）,情報・通信業
3970.T,3598510.0,2500500.0,True,イノベーション,スタンダード（内国株式）,情報・通信業
3974.T,8756340.0,7101300.0,True,ＳＣＡＴ,スタンダード（内国株式）,情報・通信業
3976.T,22198390.0,18271750.0,True,シャノン,グロース（内国株式）,情報・通信業
3979.T,4579450.0,2802150.0,True,うるる,グロース（内国株式）,情報・通信業
3981.T,5295980.0,3123100.0,True,ビーグリー,スタンダード（内国株式）,情報・通信業
3983.T,57801630.0,53485200.0,True,オロ,プライム（内国株式）,情報・通信業
3984.T,117133280.0,104094750.0,False,ユーザーローカル,プライム（内国株式）,情報・通信業
3985.T,2889590.0,2034800.0,True,テモナ,スタンダード（内国株式）,情報・通信業
3986.T,2144060.0,2171200.0,True,ビーブレイクシステムズ,スタンダード（内国株式）,情報・通信業
3987.T,2948240.0,2676600.0,True,エコモット,グロース（内国株式）,情報・通信業
3988.T,2531000.0,862250.0,True,ＳＹＳホールディングス,スタンダード（内国株式）,情報・通信業
3989.T,403683910.0,351750300.0,False,シェアリングテクノロジー,グロース（内国株式）,情報・通信業
3991.T,1244260.0,856650.0,True,ウォンテッドリー,グロース（内国株式）,情報・通信業
3992.T,25306657.196655273,17515500.0,True,ニーズウェル,プライム（内国株式）,情報・通信業
3993.T,576962390.0634766,517471200.3173828,False,ＰＫＳＨＡ　Ｔｅｃｈｎｏｌｏｇｙ,プライム（内国株式）,情報・通信業
3994.T,3058186800.0,2498149200.0,False,マネーフォワード,プライム（内国株式）,情報・通信業
3996.T,9306320.0,7983700.0,True,サインポスト,スタンダード（内国株式）,情報・通信業
3997.T,56219540.0,52348350.0,True,トレードワークス,スタンダード（内国株式）,情報・通信業
3998.T,2625020.0,2301000.0,True,すららネット,グロース（内国株式）,情報・通信業
4004.T,45630200866.885544,39954180750.0,False,レゾナック・ホールディングス,プライム（内国株式）,化学
4005.T,4970325167.763062,4758699112.890625,False,住友化学,プライム（内国株式）,化学
4008.T,249949103.85986328,248181500.0,False,住友精化,プライム（内国株式）,化学
4011.T,137662360.0,69026200.0,True,ヘッドウォータース,グロース（内国株式）,情報・通信業
4012.T,24107820.0,11474750.0,True,アクシス,スタンダード（内国株式）,情報・通信業
4013.T,31587220.0,26940450.0,True,勤次郎,グロース（内国株式）,情報・通信業
4014.T,13489910.0,8109200.0,True,カラダノート,グロース（内国株式）,情報・通信業
4015.T,12701880.0,12457900.0,True,ペイクラウドホールディングス,グロース（内国株式）,情報・通信業
4016.T,6126060.0,4995000.0,True,ＭＩＴホールディングス,スタンダード（内国株式）,情報・通信業
4017.T,1976990.0,888700.0,True,クリーマ,グロース（内国株式）,情報・通信業
4019.T,19706230.0,17084000.0,True,スタメン,グロース（内国株式）,情報・通信業
4020.T,1982790.0,1580150.0,True,ビートレンド,グロース（内国株式）,情報・通信業
4021.T,4968014739.84375,4744997600.0,False,日産化学,プライム（内国株式）,化学
4022.T,1220791814.354248,1141963250.0,False,ラサ工業,プライム（内国株式）,化学
4023.T,1272191299.53125,1231218750.0,False,クレハ,プライム（内国株式）,化学
4025.T,112378400.0,108926000.0,False,多木化学,プライム（内国株式）,化学
4026.T,53429610.0,50509850.0,True,神島化学工業,スタンダード（内国株式）,ガラス・土石製品
4027.T,104887964.09423828,102654500.0,False,テイカ,プライム（内国株式）,化学
4028.T,541797422.5244141,520166400.0,False,石原産業,プライム（内国株式）,化学
402A.T,1129780290.0,1134850500.0,False,アクセルスペースホールディングス,グロース（内国株式）,輸送用機器
4031.T,15828630.0,10134950.0,True,片倉コープアグリ,スタンダード（内国株式）,化学
4040.T,20627300.0,21129000.0,True,南海化学,スタンダード（内国株式）,化学
4041.T,636956301.0498047,630449500.0,False,日本曹達,プライム（内国株式）,化学
4042.T,3547822205.029297,3237377075.1464844,False,東ソー,プライム（内国株式）,化学
4043.T,2005466564.5214844,1940368800.0,False,トクヤマ,プライム（内国株式）,化学
4044.T,361287805.1171875,372258000.0,False,セントラル硝子,プライム（内国株式）,化学
4045.T,388849770.0,383970350.0,False,東亞合成,プライム（内国株式）,化学
4046.T,930318857.2045898,777744000.0,False,大阪ソーダ,プライム（内国株式）,化学
4047.T,1235767149.0136719,1277529150.0,False,関東電化工業,プライム（内国株式）,化学
4051.T,151807690.0,155280000.0,False,ＧＭＯフィナンシャルゲート,プライム（内国株式）,情報・通信業
4052.T,1917939200.0,1383149250.0,False,フィーチャ,グロース（内国株式）,情報・通信業
4053.T,78678600.0,76131500.0,True,Ｓｕｎ　Ａｓｔｅｒｉｓｋ,プライム（内国株式）,情報・通信業
4054.T,5444900.0,5086600.0,True,日本情報クリエイト,グロース（内国株式）,情報・通信業
4055.T,37542060.0,33648500.0,True,ティアンドエスグループ,グロース（内国株式）,情報・通信業
4056.T,24371810.0,25431800.0,True,ニューラルグループ,グロース（内国株式）,情報・通信業
4057.T,987920.0,745550.0,True,インターファクトリー,グロース（内国株式）,情報・通信業
4058.T,61014690.0,53021700.0,True,トヨクモ,グロース（内国株式）,情報・通信業
4059.T,549290.0,464100.0,True,まぐまぐ,スタンダード（内国株式）,情報・通信業
4060.T,6875920.0,6062500.0,True,ｒａｋｕｍｏ,グロース（内国株式）,情報・通信業
4061.T,2127011409.338379,2024794850.0,False,デンカ,プライム（内国株式）,化学
4062.T,144130066502.34375,132259495000.0,False,イビデン,プライム（内国株式）,電気機器
4063.T,40092179337.96875,39347632200.0,False,信越化学工業,プライム（内国株式）,化学
4064.T,383472972.8857422,396377750.0,False,日本カーバイド工業,プライム（内国株式）,化学
4068.T,2652790.0,1999800.0,True,ベイシス,グロース（内国株式）,情報・通信業
4069.T,6979550.0,5827950.0,True,ＢｌｕｅＭｅｍｅ,グロース（内国株式）,情報・通信業
4071.T,348897678.73046875,338091593.65234375,False,プラスアルファ・コンサルティング,プライム（内国株式）,情報・通信業
4072.T,83392300.0,85565500.0,True,電算システムホールディングス,プライム（内国株式）,情報・通信業
4073.T,789658730.0,645948550.0,False,ジィ・シィ企画,グロース（内国株式）,情報・通信業
4074.T,2055130.0,1957500.0,True,ラキール,グロース（内国株式）,情報・通信業
4075.T,371211530.0,221532550.0,False,ブレインズテクノロジー,グロース（内国株式）,情報・通信業
4076.T,5486760.0,5344350.0,True,シイエヌエス,グロース（内国株式）,情報・通信業
4078.T,403902486.58447266,364087750.0,False,堺化学工業,プライム（内国株式）,化学
407A.T,11569580.0,10666200.0,True,ＵＮＩＣＯＮホールディングス,スタンダード（内国株式）,建設業
4082.T,647822710.3515625,679945800.0,False,第一稀元素化学工業,プライム（内国株式）,化学
4088.T,2439003330.0,2565007850.0,False,エア・ウォーター,プライム（内国株式）,化学
4091.T,4453215085.527344,4375049277.636719,False,日本酸素ホールディングス,プライム（内国株式）,化学
4092.T,531051881.5283203,458779407.64160156,False,日本化学工業,プライム（内国株式）,化学
4093.T,4074395.484313965,3264700.0,True,東邦アセチレン,スタンダード（内国株式）,化学
4094.T,33946265.79589844,25078400.0,True,日本化学産業,スタンダード（内国株式）,化学
4095.T,405195162.08618164,391977000.0,False,日本パーカライジング,プライム（内国株式）,化学
4097.T,55565720.0,55737300.0,True,高圧ガス工業,プライム（内国株式）,化学
4098.T,4208910.0,3728400.0,True,チタン工業,スタンダード（内国株式）,化学
4099.T,1960054650.0,2039902200.0,False,四国化成ホールディングス,プライム（内国株式）,化学
409A.T,352975097.98828125,277948650.0,False,オリオンビール,プライム（内国株式）,食料品
4100.T,154740920.0,131731200.0,False,戸田工業,スタンダード（内国株式）,化学
4102.T,549250.0,506850.0,True,丸尾カルシウム,スタンダード（内国株式）,化学
4107.T,760412100.0,570287250.0,False,伊勢化学工業,スタンダード（内国株式）,化学
4109.T,247852379.58984375,188184000.0,False,ステラ　ケミファ,プライム（内国株式）,化学
410A.T,61594410.0,28281950.0,True,ＧＭＯコマース,グロース（内国株式）,サービス業
4112.T,92201257.0336914,91578400.0,True,保土谷化学工業,プライム（内国株式）,化学
4113.T,18920273.963012695,14841150.0,True,田岡化学工業,スタンダード（内国株式）,化学
4114.T,2100046554.2578125,1796625475.0,False,日本触媒,プライム（内国株式）,化学
4116.T,170593129.8449707,149082900.0,False,大日精化工業,プライム（内国株式）,化学
4118.T,1155081345.8984375,1078464950.0,False,カネカ,プライム（内国株式）,化学
4119.T,7443100.0,8053500.0,True,日本ピグメントホールディングス,スタンダード（内国株式）,化学
4120.T,1884480.0,1058000.0,True,スガイ化学工業,スタンダード（内国株式）,化学
4124.T,4040661.826171875,2634500.0,True,大阪油化工業,スタンダード（内国株式）,化学
4125.T,29424400.0,29947500.0,True,三和油化工業,スタンダード（内国株式）,化学
414A.T,38606220.0,37922100.0,True,オーバーラップホールディングス,グロース（内国株式）,情報・通信業
4151.T,3982985150.0,3846043175.0,False,協和キリン,プライム（内国株式）,医薬品
415A.T,5264200.0,5712000.0,True,ＧＭＯ　ＴＥＣＨホールディングス,グロース（内国株式）,サービス業
4165.T,176185470.0,159810300.0,False,プレイド,グロース（内国株式）,情報・通信業
4166.T,240320030.0,25437100.0,True,かっこ,グロース（内国株式）,情報・通信業
4167.T,8840890.0,6366550.0,True,ココペリ,グロース（内国株式）,情報・通信業
4168.T,20811660.0,20567700.0,True,ヤプリ,グロース（内国株式）,情報・通信業
4169.T,72046860.0,73350750.0,True,ＥＮＥＣＨＡＮＧＥ,グロース（内国株式）,情報・通信業
416A.T,24167339.931640625,17479250.0,True,富士ユナイトホールディングス,スタンダード（内国株式）,卸売業
4170.T,26814920.0,29620900.0,True,Ｋａｉｚｅｎ　Ｐｌａｔｆｏｒｍ,グロース（内国株式）,情報・通信業
4172.T,2928729.8291015625,2158700.0,True,Ｈｉクラテス,スタンダード（内国株式）,情報・通信業
4174.T,151065960.0,112192500.0,False,アピリッツ,スタンダード（内国株式）,情報・通信業
4175.T,14979540.0,14712100.0,True,ｃｏｌｙ,グロース（内国株式）,情報・通信業
4176.T,26096860.0,22628550.0,True,ココナラ,グロース（内国株式）,情報・通信業
4177.T,14728530.0,7123250.0,True,ｉ‐ｐｌｕｇ,グロース（内国株式）,情報・通信業
4178.T,64636560.0,21764050.0,True,Ｓｈａｒｉｎｇ　Ｉｎｎｏｖａｔｉｏｎｓ,グロース（内国株式）,情報・通信業
4179.T,14040220.0,11166200.0,True,ジーネクスト,グロース（内国株式）,情報・通信業
417A.T,449234805.8544922,425659154.27246094,False,ブルーゾーンホールディングス,プライム（内国株式）,小売業
4180.T,1618859490.0,1636253400.0,False,Ａｐｐｉｅｒ　Ｇｒｏｕｐ,プライム（内国株式）,情報・通信業
4182.T,5259028661.142578,5396073800.0,False,三菱瓦斯化学,プライム（内国株式）,化学
4183.T,6516727964.23584,4771607025.0,False,三井化学,プライム（内国株式）,化学
4186.T,7432055280.0,6969915200.0,False,東京応化工業,プライム（内国株式）,化学
4187.T,687156800.0,592647500.0,False,大阪有機化学工業,プライム（内国株式）,化学
4188.T,7735282008.293457,7560241175.0,False,三菱ケミカルグループ,プライム（内国株式）,化学
4189.T,432773750.0,435048000.0,False,ＫＨネオケム,プライム（内国株式）,化学
4192.T,35614430.0,31923900.0,True,スパイダープラス,グロース（内国株式）,情報・通信業
4193.T,28669078.232421875,22656750.0,True,ファブリカホールディングス,スタンダード（内国株式）,情報・通信業
4194.T,2000544390.0,2044496800.0,False,ビジョナル,プライム（内国株式）,情報・通信業
4196.T,58405590.0,41576250.0,True,ネオマーケティング,スタンダード（内国株式）,情報・通信業
4197.T,3197400.0,3116800.0,True,アスマーク,スタンダード（内国株式）,情報・通信業
4198.T,4210540.0,2926150.0,True,テンダ,スタンダード（内国株式）,情報・通信業
4199.T,2674110.0,2524800.0,True,ワンダープラネット,グロース（内国株式）,情報・通信業
4202.T,1753411323.0639648,1666644400.0,False,ダイセル,プライム（内国株式）,化学
4203.T,6922207625.292969,6439531800.0,False,住友ベークライト,プライム（内国株式）,化学
4204.T,4035889076.352539,3724799425.0,False,積水化学工業,プライム（内国株式）,化学
4205.T,2395203046.320801,2337890956.604004,False,日本ゼオン,プライム（内国株式）,化学
4206.T,1253144946.5722656,1317230000.0,False,アイカ工業,プライム（内国株式）,化学
4208.T,2229826244.9414062,2149159424.7070312,False,ＵＢＥ,プライム（内国株式）,化学
4212.T,173053040.68359375,167706050.0,False,積水樹脂,プライム（内国株式）,化学
4216.T,1031646634.0820312,871639000.0,False,旭有機材,プライム（内国株式）,化学
4218.T,61957710.0,45312850.0,True,ニチバン,プライム（内国株式）,化学
421A.T,135684850.0,140307750.0,False,ムービン・ストラテジック・キャリア,グロース（内国株式）,サービス業
4220.T,496789774.75097656,402852700.0,False,リケンテクノス,プライム（内国株式）,化学
4221.T,853955500.0,774017500.0,False,大倉工業,プライム（内国株式）,化学
4222.T,170507790.0,171054450.0,False,児玉化学工業,スタンダード（内国株式）,化学
4224.T,14573610.0,14579550.0,True,ロンシール工業,スタンダード（内国株式）,化学
4228.T,98761853.76708984,87757100.0,True,積水化成品工業,プライム（内国株式）,化学
4229.T,49685450.0,44168750.0,True,群栄化学工業,プライム（内国株式）,化学
4231.T,13184542.629394531,12480713.146972656,True,タイガースポリマー,スタンダード（内国株式）,化学
4234.T,19680504.89807129,19729300.0,True,サンエー化研,スタンダード（内国株式）,化学
4235.T,16952500.0,16389600.0,True,ウルトラファブリックス・ホールディングス,スタンダード（内国株式）,化学
4237.T,12661430.0,11749900.0,True,フジプレアム,スタンダード（内国株式）,化学
4238.T,121924320.0,102477950.0,False,ミライアル,スタンダード（内国株式）,化学
423A.T,8818904.534301758,8657400.0,True,ライオン事務器,スタンダード（内国株式）,卸売業
4240.T,1748360.0,1067500.0,True,クラスターテクノロジー,スタンダード（内国株式）,化学
4241.T,14394840.0,7001100.0,True,アテクト,スタンダード（内国株式）,化学
4242.T,2617518.5327148438,2166250.0,True,タカギセイコー,スタンダード（内国株式）,化学
4243.T,2025150.9033203125,1845750.0,True,ニックス,スタンダード（内国株式）,化学
4245.T,7430360.0,7203950.0,True,ダイキアクシス,スタンダード（内国株式）,化学
4246.T,241761670.8947754,226622604.47387695,False,ダイキョーニシカワ,プライム（内国株式）,化学
4247.T,714540.7507324219,695003.7536621094,True,ポバール興業,スタンダード（内国株式）,化学
4248.T,3870790.0,2339250.0,True,竹本容器,スタンダード（内国株式）,化学
4249.T,57095650.205078125,54287551.025390625,True,森六,プライム（内国株式）,化学
4251.T,84640510.0,86524900.0,True,恵和,プライム（内国株式）,化学
4255.T,24132750.0,14571000.0,True,ＴＨＥＣＯＯ,グロース（内国株式）,情報・通信業
4256.T,6319900.0,6227600.0,True,サインド,グロース（内国株式）,情報・通信業
4258.T,1262041600.0,382558000.0,False,網屋,グロース（内国株式）,情報・通信業
4259.T,807818520.0,729162950.0,False,エクサウィザーズ,グロース（内国株式）,情報・通信業
4260.T,1896520.0,1905700.0,True,ハイブリッドテクノロジーズ,グロース（内国株式）,情報・通信業
4261.T,7506010.0,7418250.0,True,アジアクエスト,グロース（内国株式）,情報・通信業
4262.T,5083601.0546875,4481850.0,True,ニフティライフスタイル,グロース（内国株式）,情報・通信業
4263.T,38957400.0,37525000.0,True,サスメド,グロース（内国株式）,情報・通信業
4264.T,37397360.0,33461650.0,True,セキュア,グロース（内国株式）,情報・通信業
4265.T,14289130.0,10454750.0,True,Ｉｎｓｔｉｔｕｔｉｏｎ　ｆｏｒ　ａ　Ｇｌｏｂａｌ　Ｓｏｃｉｅｔｙ,グロース（内国株式）,情報・通信業
4270.T,7245000.0,3148950.0,True,ＢｅｅＸ,グロース（内国株式）,情報・通信業
4272.T,1208758185.7080078,1174829825.0,False,日本化薬,プライム（内国株式）,化学
4274.T,39083830.0,39719100.0,True,細谷火工,スタンダード（内国株式）,化学
4275.T,272634500.0,268791850.0,False,カーリット,プライム（内国株式）,化学
4284.T,7437570.0,7382850.0,True,ソルクシーズ,スタンダード（内国株式）,情報・通信業
4286.T,27469520.0,24883200.0,True,ＣＬホールディングス,スタンダード（内国株式）,サービス業
4287.T,4862460.0,4912000.0,True,ジャストプランニング,スタンダード（内国株式）,情報・通信業
4288.T,1823429290.0,1135345300.0,False,アズジェント,スタンダード（内国株式）,情報・通信業
428A.T,131556240.0,85693700.0,True,サイプレス・ホールディングス,スタンダード（内国株式）,小売業
4290.T,528790457.98217773,347847550.0,False,プレステージ・インターナショナル,プライム（内国株式）,サービス業
4293.T,172943410.0,141136850.0,False,セプテーニ・ホールディングス,スタンダード（内国株式）,サービス業
4299.T,8610947.370605469,7708600.0,True,ハイマックス,スタンダード（内国株式）,情報・通信業
429A.T,2122001868.071289,1752847500.0,False,テクセンドフォトマスク,プライム（内国株式）,その他製品
4301.T,46532884.8449707,39375300.0,True,アミューズ,プライム（内国株式）,サービス業
4307.T,10901431824.624023,10261286550.0,False,野村総合研究所,プライム（内国株式）,情報・通信業
4308.T,5406940.0,4561750.0,True,Ｊストリーム,グロース（内国株式）,情報・通信業
4310.T,51427670.0,42069750.0,True,ドリームインキュベータ,プライム（内国株式）,サービス業
4317.T,10996190.0,9261300.0,True,レイ,スタンダード（内国株式）,サービス業
4318.T,74826659.33044434,74976600.0,True,クイック,プライム（内国株式）,サービス業
431A.T,58382060.0,57882600.0,True,ユーソナー,グロース（内国株式）,情報・通信業
4320.T,101193050.0,65180500.0,True,ＣＥホールディングス,スタンダード（内国株式）,情報・通信業
4323.T,95153974.34082031,91519121.70410156,True,日本システム技術,プライム（内国株式）,情報・通信業
4324.T,3066887130.0,2989071700.0,False,電通グループ,プライム（内国株式）,サービス業
4326.T,63070860.0,58103100.0,True,インテージホールディングス,プライム（内国株式）,情報・通信業
4331.T,201511970.0,106811800.0,False,テイクアンドギヴ・ニーズ,プライム（内国株式）,サービス業
4334.T,2107050.0,1968200.0,True,ユークス,スタンダード（内国株式）,情報・通信業
4335.T,3759920.0,3217000.0,True,ＩＰＳホールディングス,スタンダード（内国株式）,情報・通信業
4337.T,81015210.0,71966600.0,True,ぴあ,プライム（内国株式）,サービス業
4341.T,1336707.525024414,1222900.0,True,西菱電機,スタンダード（内国株式）,サービス業
4343.T,160108460.0,162699550.0,False,イオンファンタジー,プライム（内国株式）,サービス業
4344.T,166476280.0,167786250.0,False,ソースネクスト,プライム（内国株式）,情報・通信業
4345.T,48786693.90625,50125500.0,True,シーティーエス,プライム（内国株式）,サービス業
4346.T,67441861.88781738,61739000.0,True,ＮＥＸＹＺ．Ｇｒｏｕｐ,スタンダード（内国株式）,その他金融業
4347.T,15757860.0,14987700.0,True,ブロードメディア,スタンダード（内国株式）,サービス業
4350.T,39839174.267578125,38909100.0,True,メディカルシステムネットワーク,スタンダード（内国株式）,小売業
4351.T,1265050.0,888900.0,True,山田再生系債権回収総合事務所,スタンダード（内国株式）,その他金融業
4356.T,1339230.0,829500.0,True,応用技術,スタンダード（内国株式）,情報・通信業
4360.T,5753540.0,5009600.0,True,マナック・ケミカル・パートナーズ,スタンダード（内国株式）,化学
4361.T,12199770.0,7755000.0,True,川口化学工業,スタンダード（内国株式）,化学
4362.T,99471080.29541016,67693650.0,True,日本精化,プライム（内国株式）,化学
4365.T,3829600.0,0.0,True,松本油脂製薬,スタンダード（内国株式）,化学
4366.T,65303550.0,42482200.0,True,ダイトーケミックス,スタンダード（内国株式）,化学
4368.T,2134843362.7392578,2168375000.0,False,扶桑化学工業,プライム（内国株式）,化学
4369.T,1531367030.0,1544623000.0,False,トリケミカル研究所,プライム（内国株式）,化学
436A.T,2188811470.0,95047600.0,True,サイバーソリューションズ,グロース（内国株式）,情報・通信業
4370.T,13781900.0,10961800.0,True,モビルス,グロース（内国株式）,情報・通信業
4371.T,29646420.0,23207800.0,True,コアコンセプト・テクノロジー,グロース（内国株式）,情報・通信業
4372.T,1353270.0,399000.0,True,ユミルリンク,グロース（内国株式）,情報・通信業
4373.T,2008033330.0,1331645000.0,False,シンプレクス・ホールディングス,プライム（内国株式）,情報・通信業
4374.T,12604090.0,10613700.0,True,ＲＯＢＯＴ　ＰＡＹＭＥＮＴ,グロース（内国株式）,情報・通信業
4375.T,91634090.0,86049750.0,True,セーフィー,グロース（内国株式）,情報・通信業
4376.T,10438890.0,9570000.0,True,くふうカンパニーホールディングス,グロース（内国株式）,情報・通信業
4377.T,124348290.0,115278350.0,False,ワンキャリア,グロース（内国株式）,情報・通信業
4378.T,2805500.0,2232300.0,True,ＣＩＮＣ,グロース（内国株式）,情報・通信業
4379.T,19576860.0,19055000.0,True,Ｐｈｏｔｏｓｙｎｔｈ,グロース（内国株式）,情報・通信業
4380.T,2124120.0,1676200.0,True,Ｍマート,グロース（内国株式）,情報・通信業
4381.T,19401350.0,12843900.0,True,ビープラッツ,グロース（内国株式）,情報・通信業
4382.T,867574480.0,176209700.0,False,ＨＥＲＯＺ,スタンダード（内国株式）,情報・通信業
4385.T,6160605410.0,5770254700.0,False,メルカリ,プライム（内国株式）,情報・通信業
4386.T,15909864.328613281,5581300.0,True,ＳＩＧグループ,スタンダード（内国株式）,情報・通信業
4387.T,9893710.0,3810800.0,True,ＺＵＵ,グロース（内国株式）,情報・通信業
4388.T,3549460.0,2303400.0,True,エーアイ,スタンダード（内国株式）,情報・通信業
4389.T,7627450.0,6548800.0,True,プロパティデータバンク,グロース（内国株式）,情報・通信業
438A.T,88896560.0,78116200.0,True,インフキュリオン,グロース（内国株式）,情報・通信業
4390.T,561046749.5068359,216277747.5341797,False,ＩＰＳ,プライム（内国株式）,情報・通信業
4391.T,2229030.0,2259000.0,True,ロジザード,グロース（内国株式）,情報・通信業
4392.T,609595540.0,622104400.0,False,ＦＩＧ,プライム（内国株式）,情報・通信業
4393.T,325430600.0,324551500.0,False,バンク・オブ・イノベーション,グロース（内国株式）,情報・通信業
4394.T,65111740.0,33610250.0,True,エクスモーション,グロース（内国株式）,情報・通信業
4395.T,134300700.0,84032100.0,True,アクリート,グロース（内国株式）,情報・通信業
4396.T,76197620.0,76826200.0,True,システムサポートホールディングス,プライム（内国株式）,情報・通信業
4397.T,14001800.0,11159700.0,True,チームスピリット,グロース（内国株式）,情報・通信業
4398.T,415006440.0,50348100.0,True,ブロードバンドセキュリティ,スタンダード（内国株式）,情報・通信業
4401.T,1365683391.1425781,1336563850.0,False,ＡＤＥＫＡ,プライム（内国株式）,化学
4403.T,2113125581.6894531,2161433000.0,False,日油,プライム（内国株式）,化学
4404.T,26739070.0,25154550.0,True,ミヨシ油脂,スタンダード（内国株式）,食料品
4406.T,63473920.0,65911200.0,True,新日本理化,スタンダード（内国株式）,化学
4409.T,11636980.0,12850300.0,True,東邦化学工業,スタンダード（内国株式）,化学
4410.T,79550821.81884766,72596400.0,True,ハリマ化成グループ,プライム（内国株式）,化学
4412.T,41238390.0,42269750.0,True,サイエンスアーツ,グロース（内国株式）,情報・通信業
4413.T,759216840.0,481358400.0,False,ボードルア,プライム（内国株式）,情報・通信業
4414.T,9825320.0,7436800.0,True,フレクト,グロース（内国株式）,情報・通信業
4415.T,15286650.0,14534700.0,True,ブロードエンタープライズ,グロース（内国株式）,情報・通信業
4416.T,2242640.0,1082100.0,True,Ｔｒｕｅ　Ｄａｔａ,グロース（内国株式）,情報・通信業
4417.T,1946977927.03125,332207453.5644531,False,グローバルセキュリティエキスパート,グロース（内国株式）,情報・通信業
4418.T,145962250.0,110678900.0,False,ＪＤＳＣ,グロース（内国株式）,情報・通信業
4419.T,770495880.0,612841500.0,False,Ｆｉｎａｔｅｘｔホールディングス,グロース（内国株式）,情報・通信業
441A.T,11034780.0,11414400.0,True,ＮＥ,グロース（内国株式）,情報・通信業
4420.T,248965260.0,244918950.0,False,イーソル,スタンダード（内国株式）,情報・通信業
4421.T,23150340.0,3017700.0,True,ディ・アイ・システム,スタンダード（内国株式）,情報・通信業
4422.T,12955230.0,11493100.0,True,ＶＡＬＵＥＮＥＸ,グロース（内国株式）,情報・通信業
4424.T,13348910.0,7385750.0,True,Ａｍａｚｉａ,グロース（内国株式）,情報・通信業
4425.T,146725840.0,142020700.0,False,Ｋｕｄａｎ,グロース（内国株式）,情報・通信業
4427.T,36445560.0,5940200.0,True,ＥｄｕＬａｂ,グロース（内国株式）,情報・通信業
4428.T,711250.0,627300.0,True,シノプス,グロース（内国株式）,情報・通信業
4429.T,969580.0,954200.0,True,リックソフト,グロース（内国株式）,情報・通信業
442A.T,4093100.0,2159400.0,True,クラシコ,グロース（内国株式）,繊維製品
4430.T,20675810.0,12459350.0,True,東海ソフト,スタンダード（内国株式）,情報・通信業
4431.T,305705850.0,294327500.0,False,スマレジ,グロース（内国株式）,情報・通信業
4432.T,316828450.0,299363000.0,False,ウイングアーク１ｓｔ,プライム（内国株式）,情報・通信業
4433.T,21771100.0,21126200.0,True,ヒト・コミュニケーションズ・ホールディングス,プライム（内国株式）,サービス業
4434.T,71160210.0,71375400.0,True,サーバーワークス,スタンダード（内国株式）,情報・通信業
4436.T,413723640.0,115680150.0,False,ミンカブ・ジ・インフォノイド,グロース（内国株式）,情報・通信業
4437.T,2318570.0,1295700.0,True,ｇｏｏｄｄａｙｓホールディングス,グロース（内国株式）,情報・通信業
4438.T,90022800.0,17125500.0,True,Ｗｅｌｂｙ,グロース（内国株式）,情報・通信業
4439.T,7231820.0,6882850.0,True,東名,スタンダード（内国株式）,情報・通信業
4440.T,762504170.0,445493600.0,False,ヴィッツ,スタンダード（内国株式）,情報・通信業
4441.T,27124960.0,14316500.0,True,トビラシステムズ,スタンダード（内国株式）,情報・通信業
4442.T,28012770.0,28558600.0,True,バルテス・ホールディングス,グロース（内国株式）,情報・通信業
4443.T,2531502400.0,2438417950.0,False,Ｓａｎｓａｎ,プライム（内国株式）,情報・通信業
4444.T,2255160.0,1427300.0,True,インフォネット,グロース（内国株式）,情報・通信業
4445.T,14034970.0,8985500.0,True,リビン・テクノロジーズ,グロース（内国株式）,情報・通信業
4446.T,144733140.0,136548550.0,False,Ｌｉｎｋ－Ｕグループ,スタンダード（内国株式）,情報・通信業
4447.T,34074184.68688965,13474748.434448242,True,ピー・ビーシステムズ,グロース（内国株式）,情報・通信業
4448.T,16948830.0,15276400.0,True,ｋｕｂｅｌｌ,グロース（内国株式）,情報・通信業
4450.T,17133720.0,18426700.0,True,パワーソリューションズ,グロース（内国株式）,情報・通信業
4452.T,10473160920.0,10489881450.0,False,花王,プライム（内国株式）,化学
4461.T,2352200887.2753906,2078739000.0,False,第一工業製薬,プライム（内国株式）,化学
4462.T,199598811.7578125,158462400.0,False,石原ケミカル,プライム（内国株式）,化学
4463.T,28357700.0,23460000.0,True,日華化学,スタンダード（内国株式）,化学
4464.T,7560300.0,5872500.0,True,ソフト９９コーポレーション,スタンダード（内国株式）,化学
4465.T,30259510.0,20286750.0,True,ニイタカ,スタンダード（内国株式）,化学
446A.T,1827828310.0,1657957200.0,False,ノースサンド,グロース（内国株式）,サービス業
4471.T,702066225.7080078,661739100.0,False,三洋化成工業,プライム（内国株式）,化学
4475.T,1791681518.5913086,889498500.0,False,ＨＥＮＮＧＥ,グロース（内国株式）,情報・通信業
4476.T,11154130.0,11077050.0,True,ＡＩ　ＣＲＯＳＳ,グロース（内国株式）,情報・通信業
4477.T,1076103750.0,449776350.0,False,ＢＡＳＥ,グロース（内国株式）,情報・通信業
4478.T,1535644300.0,1468150250.0,False,フリー,グロース（内国株式）,情報・通信業
4479.T,24105760.0,22020300.0,True,マクアケ,グロース（内国株式）,情報・通信業
4480.T,569414390.0,567745150.0,False,メドレー,プライム（内国株式）,情報・通信業
4481.T,188160100.0,182993750.0,False,ベース,プライム（内国株式）,情報・通信業
4482.T,5440510.0,4709500.0,True,ウィルズ,グロース（内国株式）,情報・通信業
4483.T,766351200.0,780544500.0,False,ＪＭＤＣ,プライム（内国株式）,情報・通信業
4484.T,3739910.0,2382100.0,True,ランサーズ,グロース（内国株式）,情報・通信業
4486.T,3398730.0,2814600.0,True,ユナイトアンドグロウ,グロース（内国株式）,情報・通信業
4487.T,3550520.0,1861200.0,True,スペースマーケット,グロース（内国株式）,情報・通信業
4488.T,12114510.0,9440000.0,True,ＡＩ　ｉｎｓｉｄｅ,グロース（内国株式）,情報・通信業
4490.T,5870740.0,6045650.0,True,ビザスク,グロース（内国株式）,情報・通信業
4491.T,18601160.0,13388600.0,True,コンピューターマネージメント,スタンダード（内国株式）,情報・通信業
4492.T,5086610.494995117,5034700.0,True,ゼネテック,スタンダード（内国株式）,情報・通信業
4493.T,17360398250.0,542132300.0,False,サイバーセキュリティクラウド,グロース（内国株式）,情報・通信業
4495.T,15578510.0,17328400.0,True,アイキューブドシステムズ,グロース（内国株式）,情報・通信業
4496.T,2510511.640625,1837150.0,True,コマースＯｎｅホールディングス,グロース（内国株式）,情報・通信業
4498.T,291723630.0,46935450.0,True,サイバートラスト,グロース（内国株式）,情報・通信業
4499.T,180352850.0,167569800.0,False,Ｓｐｅｅｅ,スタンダード（内国株式）,情報・通信業
4502.T,24098356687.54883,24026741200.0,False,武田薬品工業,プライム（内国株式）,医薬品
4503.T,13620857631.445312,12798605025.0,False,アステラス製薬,プライム（内国株式）,医薬品
4506.T,4320031780.0,4275803550.0,False,住友ファーマ,プライム（内国株式）,医薬品
4507.T,10110905852.878418,9287637950.0,False,塩野義製薬,プライム（内国株式）,医薬品
4512.T,8633440.0,6270500.0,True,わかもと製薬,スタンダード（内国株式）,医薬品
4516.T,1599466454.3066406,1407784900.0,False,日本新薬,プライム（内国株式）,医薬品
4519.T,25490641990.0,25014969050.0,False,中外製薬,プライム（内国株式）,医薬品
4521.T,448215942.96875,431229000.0,False,科研製薬,プライム（内国株式）,医薬品
4523.T,5437429766.71875,5282224850.0,False,エーザイ,プライム（内国株式）,医薬品
4524.T,3919740.0,3135300.0,True,森下仁丹,スタンダード（内国株式）,医薬品
4526.T,355111021.4501953,205398750.0,False,理研ビタミン,プライム（内国株式）,食料品
4527.T,3053068878.779297,2662178475.0,False,ロート製薬,プライム（内国株式）,医薬品
4528.T,3680857939.0966797,3768200225.0,False,小野薬品工業,プライム（内国株式）,医薬品
4531.T,14864370.0,8364700.0,True,有機合成薬品工業,スタンダード（内国株式）,化学
4534.T,142694487.5390625,138709125.0,False,持田製薬,プライム（内国株式）,医薬品
4536.T,2324963972.63916,2414517400.0,False,参天製薬,プライム（内国株式）,医薬品
4538.T,43206366.49658203,44507700.0,True,扶桑薬品工業,プライム（内国株式）,医薬品
4539.T,2640690.0,1959100.0,True,日本ケミファ,スタンダード（内国株式）,医薬品
4540.T,1661127330.8203125,1509340200.0,False,ツムラ,プライム（内国株式）,医薬品
4543.T,12446761402.331543,12598859700.0,False,テルモ,プライム（内国株式）,精密機器
4544.T,699495601.9775391,730686200.0,False,Ｈ．Ｕ．グループホールディングス,プライム（内国株式）,サービス業
4547.T,370850759.0185547,345541500.0,False,キッセイ薬品工業,プライム（内国株式）,医薬品
4548.T,515282412.51464844,381769850.0,False,生化学工業,プライム（内国株式）,医薬品
4549.T,256836274.42382812,253719672.11914062,False,栄研化学,プライム（内国株式）,医薬品
4552.T,526240793.5739136,278253800.0,False,ＪＣＲファーマ,プライム（内国株式）,医薬品
4553.T,350373670.21484375,335386750.0,False,東和薬品,プライム（内国株式）,医薬品
4554.T,155871493.2055664,158899050.0,False,富士製薬工業,プライム（内国株式）,医薬品
4558.T,1546085.0,1307000.0,True,中京医薬品,スタンダード（内国株式）,医薬品
4559.T,357694953.2348633,360548116.1743164,False,ゼリア新薬工業,プライム（内国株式）,医薬品
4563.T,52820740.0,42613200.0,True,アンジェス,グロース（内国株式）,医薬品
4564.T,4009168500.0,4428468650.0,False,オンコセラピー・サイエンス,グロース（内国株式）,医薬品
4565.T,1066329130.0,998257450.0,False,ネクセラファーマ,プライム（内国株式）,医薬品
4568.T,17386232460.429688,16520121275.0,False,第一三共,プライム（内国株式）,医薬品
4569.T,215563235.71655273,215125600.0,False,杏林製薬,プライム（内国株式）,医薬品
456A.T,2502556740.0,2385322000.0,False,ＨＵＭＡＮ　ＭＡＤＥ,グロース（内国株式）,小売業
4570.T,138126050.0,147585600.0,False,免疫生物研究所,グロース（内国株式）,医薬品
4571.T,49816130.0,35395200.0,True,ＮＡＮＯホールディングス,グロース（内国株式）,医薬品
4572.T,88690310.0,58559600.0,True,カルナバイオサイエンス,グロース（内国株式）,医薬品
4574.T,29317660.0,28003150.0,True,大幸薬品,プライム（内国株式）,医薬品
4575.T,120090530.0,71114150.0,True,キャンバス,グロース（内国株式）,医薬品
4576.T,20727520.0,16923300.0,True,デ・ウエスタン・セラピテクス研究所,グロース（内国株式）,医薬品
4577.T,90221960.0,81904000.0,True,ダイト,プライム（内国株式）,医薬品
4578.T,14756286350.0,14263930000.0,False,大塚ホールディングス,プライム（内国株式）,医薬品
4579.T,73681630.0,78894750.0,True,ラクオリア創薬,グロース（内国株式）,医薬品
4582.T,26222170.0,25242000.0,True,シンバイオ製薬,グロース（内国株式）,医薬品
4583.T,127337510.0,98591200.0,True,カイオム・バイオサイエンス,グロース（内国株式）,医薬品
4584.T,35727220.0,36425500.0,True,キッズウェル・バイオ,グロース（内国株式）,医薬品
4586.T,36737990.0,34536100.0,True,メドレックス,グロース（内国株式）,医薬品
4587.T,793322770.0,694598925.0,False,ペプチドリーム,プライム（内国株式）,医薬品
4588.T,9902128700.0,9314873500.0,False,オンコリスバイオファーマ,グロース（内国株式）,医薬品
4591.T,36330410.0,34699000.0,True,リボミック,グロース（内国株式）,医薬品
4592.T,924596790.0,490948100.0,False,サンバイオ,グロース（内国株式）,医薬品
4593.T,499621390.0,441012300.0,False,ヘリオス,グロース（内国株式）,医薬品
4594.T,58755930.0,55445400.0,True,ブライトパス・バイオ,グロース（内国株式）,医薬品
4595.T,142371800.0,126525750.0,False,ミズホメディー,スタンダード（内国株式）,医薬品
4596.T,25912570.0,21316750.0,True,窪田製薬ホールディングス,グロース（内国株式）,医薬品
4597.T,2013027820.0,2268220800.0,False,ソレイジア・ファーマ,グロース（内国株式）,医薬品
4598.T,40390930.0,36308000.0,True,Ｄｅｌｔａ－Ｆｌｙ　Ｐｈａｒｍａ,グロース（内国株式）,医薬品
4599.T,55710690.0,42897500.0,True,ステムリム,グロース（内国株式）,医薬品
460A.T,38041650.0,28965900.0,True,ＢＲＡＮＵ,グロース（内国株式）,情報・通信業
4611.T,102713030.0,90439800.0,True,大日本塗料,プライム（内国株式）,化学
4612.T,4984439340.0,4772213325.0,False,日本ペイントホールディングス,プライム（内国株式）,化学
4613.T,2486304429.5947266,2483576700.0,False,関西ペイント,プライム（内国株式）,化学
4615.T,6709860.0,2053650.0,True,神東塗料,スタンダード（内国株式）,化学
4616.T,20779270.0,10521300.0,True,川上塗料,スタンダード（内国株式）,化学
4617.T,618666484.6191406,523063923.0957031,False,中国塗料,プライム（内国株式）,化学
4619.T,64696572.01171875,68895500.0,True,日本特殊塗料,スタンダード（内国株式）,化学
4620.T,121336107.3461914,110375250.0,False,藤倉化成,スタンダード（内国株式）,化学
4623.T,2689820.0,2407600.0,True,アサヒペン,スタンダード（内国株式）,化学
4624.T,1512136.25,795000.0,True,イサム塗料,スタンダード（内国株式）,化学
4625.T,6768470.0,5875150.0,True,アトミクス,スタンダード（内国株式）,化学
4626.T,1942184760.0,1874885400.0,False,太陽ホールディングス,プライム（内国株式）,化学
4627.T,15828580.0,16072650.0,True,ナトコ,スタンダード（内国株式）,化学
4628.T,160957500.0,160841000.0,False,エスケー化研,スタンダード（内国株式）,化学
4629.T,8434980.0,6089500.0,True,大伸化学,スタンダード（内国株式）,化学
462A.T,33077870.0,33940050.0,True,ＦＵＮＤＩＮＮＯ,グロース（内国株式）,証券、商品先物取引業
4631.T,2239432910.0,2177875600.0,False,ＤＩＣ,プライム（内国株式）,化学
4633.T,333144910.0,303700400.0,False,サカタインクス,プライム（内国株式）,化学
4634.T,630700000.0,590011500.0,False,ａｒｔｉｅｎｃｅ,プライム（内国株式）,化学
4635.T,65169131.81640625,51980400.0,True,東京インキ,スタンダード（内国株式）,化学
463A.T,15441170.0,14385600.0,True,インテリックスホールディングス,スタンダード（内国株式）,不動産業
4641.T,85696960.0,79581300.0,True,アルプス技研,プライム（内国株式）,サービス業
4642.T,4093920.0,3760800.0,True,オリジナル設計,スタンダード（内国株式）,サービス業
4644.T,19684308.505859375,8173450.0,True,イマジニア,スタンダード（内国株式）,情報・通信業
4645.T,1251090.0,394450.0,True,市進ホールディングス,スタンダード（内国株式）,サービス業
464A.T,1441182430.0,1337761000.0,False,ＱＰＳホールディングス,グロース（内国株式）,情報・通信業
4650.T,600960.0,502350.0,True,ＳＤエンターテイメント,スタンダード（内国株式）,サービス業
4651.T,40738160.0,39248450.0,True,サニックスホールディングス,スタンダード（内国株式）,サービス業
4657.T,1655350.0,1574700.0,True,環境管理センター,スタンダード（内国株式）,サービス業
4658.T,270439826.9482422,206751950.0,False,日本空調サービス,プライム（内国株式）,サービス業
4661.T,14159000280.15625,13016771950.0,False,オリエンタルランド,プライム（内国株式）,サービス業
4662.T,81025299.5727539,57136547.86376953,True,フォーカスシステムズ,プライム（内国株式）,情報・通信業
4664.T,53822617.307128906,44943800.0,True,アール・エス・シー,スタンダード（内国株式）,サービス業
4665.T,640733405.3417969,515925000.0,False,ダスキン,プライム（内国株式）,サービス業
4666.T,5159440220.0,4836440100.0,False,パーク２４,プライム（内国株式）,不動産業
4667.T,478832603.1970215,451177000.0,False,アイサンテクノロジー,スタンダード（内国株式）,情報・通信業
4668.T,49715030.0,48721750.0,True,明光ネットワークジャパン,プライム（内国株式）,サービス業
4671.T,56858517.607421875,54886000.0,True,ファルコホールディングス,スタンダード（内国株式）,サービス業
4673.T,6287050.0,5376250.0,True,川崎地質,スタンダード（内国株式）,サービス業
4674.T,240596054.55322266,243893750.0,False,クレスコ,プライム（内国株式）,情報・通信業
4676.T,3092118625.8496094,3119031350.0,False,フジ・メディア・ホールディングス,プライム（内国株式）,情報・通信業
4678.T,992470.0,809500.0,True,秀英予備校,スタンダード（内国株式）,サービス業
4679.T,1596000.0,1171550.0,True,田谷,スタンダード（内国株式）,サービス業
4680.T,2798171577.8808594,2448501650.0,False,ラウンドワン,プライム（内国株式）,サービス業
4681.T,839262949.6972656,788686250.0,False,リゾートトラスト,プライム（内国株式）,サービス業
4684.T,7352409234.472656,7795113022.363281,False,オービック,プライム（内国株式）,情報・通信業
4685.T,65743647.39746094,51722600.0,True,菱友システムズ,スタンダード（内国株式）,情報・通信業
4686.T,490968724.3359375,445556750.0,False,ジャストシステム,プライム（内国株式）,情報・通信業
4687.T,81866830.0,80088800.0,True,ＴＤＣソフト,プライム（内国株式）,情報・通信業
4689.T,9675720764.75647,9830646030.413818,False,ＬＩＮＥヤフー,プライム（内国株式）,情報・通信業
4691.T,117888470.0,113456000.0,False,ワシントンホテル,スタンダード（内国株式）,サービス業
4694.T,248731123.7109375,243393750.0,False,ビー・エム・エル,プライム（内国株式）,サービス業
469A.T,3069470.0,3247650.0,True,フィットクルー,グロース（内国株式）,サービス業
4704.T,10320181980.0,8114892700.0,False,トレンドマイクロ,プライム（内国株式）,情報・通信業
4705.T,687030.0,582200.0,True,クリップコーポレーション,スタンダード（内国株式）,サービス業
4707.T,13507820.0,14085400.0,True,キタック,スタンダード（内国株式）,サービス業
4709.T,65932689.81201172,61682049.060058594,True,ＩＤホールディングス,プライム（内国株式）,情報・通信業
4712.T,7923810.0,7174150.0,True,ＫｅｙＨｏｌｄｅｒ,スタンダード（内国株式）,サービス業
4714.T,175695910.0,171897100.0,False,リソー教育グループ,プライム（内国株式）,サービス業
4716.T,3244311480.0,2525259050.0,False,日本オラクル,スタンダード（内国株式）,情報・通信業
4718.T,178405966.66015625,70092150.0,True,早稲田アカデミー,プライム（内国株式）,サービス業
4719.T,56294362.861328125,48963000.0,True,アルファシステムズ,プライム（内国株式）,情報・通信業
471A.T,315194880.0,302611900.0,False,ＮＳグループ,プライム（内国株式）,その他金融業
4720.T,902000.0,504700.0,True,城南進学研究社,スタンダード（内国株式）,サービス業
4722.T,1353268700.0,548033400.0,False,フューチャー,プライム（内国株式）,情報・通信業
4725.T,89331570.0,93009800.0,True,ＣＡＣ　Ｈｏｌｄｉｎｇｓ,プライム（内国株式）,情報・通信業
4728.T,4820920.0,2007300.0,True,トーセ,スタンダード（内国株式）,情報・通信業
472A.T,48324230.0,48515100.0,True,ミラティブ,グロース（内国株式）,情報・通信業
4732.T,3402896712.504883,2897828400.0,False,ユー・エス・エス,プライム（内国株式）,サービス業
4733.T,1288666026.8359375,1167918300.0,False,オービックビジネスコンサルタント,プライム（内国株式）,情報・通信業
4735.T,3231350.0,2490500.0,True,京進,スタンダード（内国株式）,サービス業
4736.T,2048720.0,1287000.0,True,日本ラッド,スタンダード（内国株式）,情報・通信業
4743.T,104370651.7602539,100047708.80126953,False,アイティフォー,プライム（内国株式）,情報・通信業
4746.T,499607920.0,466266600.0,False,東計電算,スタンダード（内国株式）,情報・通信業
4750.T,2980040.0,2686500.0,True,ダイサン,スタンダード（内国株式）,サービス業
4751.T,5484326221.315918,5635684275.0,False,サイバーエージェント,プライム（内国株式）,サービス業
4752.T,2314500.0,966150.0,True,昭和システムエンジニアリング,スタンダード（内国株式）,情報・通信業
4754.T,1252419.013671875,759500.0,True,トスネット,スタンダード（内国株式）,サービス業
4755.T,17505797201.019287,16136892411.31897,False,楽天グループ,プライム（内国株式）,サービス業
475A.T,5463970.0,4151250.0,True,ギミック,スタンダード（内国株式）,サービス業
4760.T,2167840.0,2084900.0,True,アルファ,スタンダード（内国株式）,サービス業
4761.T,11274369.12109375,10619800.0,True,さくらケーシーエス,スタンダード（内国株式）,情報・通信業
4762.T,6640457.4658203125,6217000.0,True,エックスネット,スタンダード（内国株式）,情報・通信業
4763.T,78388810.0,83381000.0,True,クリーク・アンド・リバー社,プライム（内国株式）,サービス業
4765.T,210723078.07128906,188473975.0,False,ＳＢＩグローバルアセットマネジメント,プライム（内国株式）,サービス業
4766.T,3824130.0,2368200.0,True,ピーエイ,スタンダード（内国株式）,サービス業
4767.T,64014540.0,53761300.0,True,テー・オー・ダブリュー,スタンダード（内国株式）,サービス業
4768.T,4515121820.0,3931693200.0,False,大塚商会,プライム（内国株式）,情報・通信業
4769.T,833441.0473632812,517500.0,True,ＩＣ,スタンダード（内国株式）,情報・通信業
476A.T,1073405380.0,632781000.0,False,辻・本郷ＩＴコンサルティング,スタンダード（内国株式）,情報・通信業
4771.T,20767284.487304688,17156400.0,True,エフアンドエム,スタンダード（内国株式）,サービス業
4772.T,7808960.0,4589300.0,True,ＳＭ　ＥＮＴＥＲＴＡＩＮＭＥＮＴ　ＪＡＰＡＮ,グロース（内国株式）,情報・通信業
4776.T,476806320.0,474366700.0,False,サイボウズ,プライム（内国株式）,情報・通信業
4777.T,3841080.0,3940350.0,True,ガーラ,スタンダード（内国株式）,情報・通信業
477A.T,24570530.0,20331850.0,True,スタートライン,グロース（内国株式）,サービス業
4783.T,64326124.08203125,50572200.0,True,ＮＣＤ,スタンダード（内国株式）,情報・通信業
4784.T,648547760.0,563721800.0,False,ＧＭＯインターネット,プライム（内国株式）,サービス業
478A.T,55964920.0,42432400.0,True,フツパー,グロース（内国株式）,情報・通信業
4792.T,49512137.23144531,48578700.0,True,山田コンサルティンググループ,プライム（内国株式）,サービス業
479A.T,133630190.0,131602750.0,False,ＰＲＯＮＩ,グロース（内国株式）,情報・通信業
4801.T,97500589.04296875,53092000.0,True,セントラルスポーツ,プライム（内国株式）,サービス業
4809.T,38201198.654785156,32981293.27392578,True,パラカ,プライム（内国株式）,不動産業
480A.T,17837760.0,16435900.0,True,リブ・コンサルティング,グロース（内国株式）,サービス業
4811.T,11041510.0,12453350.0,True,ドリーム・アーツ,グロース（内国株式）,情報・通信業
4812.T,1794050680.0,1643930100.0,False,電通総研,プライム（内国株式）,情報・通信業
4813.T,205853430.0,166036700.0,False,ＡＣＣＥＳＳ,プライム（内国株式）,情報・通信業
4814.T,31576590.0,15854650.0,True,ネクストウェア,スタンダード（内国株式）,情報・通信業
4816.T,1627282140.0,1426550400.0,False,東映アニメーション,スタンダード（内国株式）,情報・通信業
4819.T,787536240.0,639765450.0,False,デジタルガレージ,プライム（内国株式）,情報・通信業
4820.T,40965460.0,36512850.0,True,イーエムシステムズ,プライム（内国株式）,情報・通信業
4825.T,363475230.0,335567850.0,False,ウェザーニューズ,プライム（内国株式）,情報・通信業
4826.T,100274470.0,91490550.0,True,ＣＩＪ,プライム（内国株式）,情報・通信業
4828.T,149847461.00585938,126119805.02929688,False,ビジネスエンジニアリング,プライム（内国株式）,情報・通信業
4829.T,26933760.0,21761250.0,True,日本エンタープライズ,スタンダード（内国株式）,情報・通信業
4832.T,34955931.790771484,25205550.0,True,ＪＦＥシステムズ,スタンダード（内国株式）,情報・通信業
4833.T,101904220.0,94097600.0,True,Ｄｅｆ　ｃｏｎｓｕｌｔｉｎｇ,グロース（内国株式）,サービス業
4838.T,18412818.083496094,16934140.41748047,True,スペースシャワーＳＫＩＹＡＫＩホールディングス,スタンダード（内国株式）,情報・通信業
4839.T,145857120.0,136790700.0,False,ＷＯＷＯＷ,プライム（内国株式）,情報・通信業
483A.T,2566868.1323242188,2542800.0,True,テラテクノロジー,スタンダード（内国株式）,情報・通信業
4840.T,322219760.0,206535750.0,False,トライアイズ,スタンダード（内国株式）,サービス業
4845.T,27839310.0,31788000.0,True,スカラ,スタンダード（内国株式）,情報・通信業
4847.T,90412840.0,91714700.0,True,インテリジェント　ウェイブ,プライム（内国株式）,情報・通信業
4848.T,108632700.0,106555050.0,False,フルキャストホールディングス,プライム（内国株式）,サービス業
4849.T,554201220.0,569837400.0,False,エン,プライム（内国株式）,サービス業
485A.T,11239724870.0,9939310550.0,False,パワーエックス,グロース（内国株式）,電気機器
4880.T,19385910.0,19523800.0,True,セルソース,スタンダード（内国株式）,医薬品
4881.T,6490880.0,5045850.0,True,ファンペップ,グロース（内国株式）,医薬品
4882.T,34064070.0,33744750.0,True,ペルセウスプロテオミクス,グロース（内国株式）,医薬品
4883.T,13186330.0,7323050.0,True,モダリス,グロース（内国株式）,医薬品
4884.T,207663560.0,63659400.0,True,クリングルファーマ,グロース（内国株式）,医薬品
4885.T,7759480.0,6093750.0,True,室町ケミカル,スタンダード（内国株式）,医薬品
4886.T,108548468.76464844,112014243.82324219,False,あすか製薬ホールディングス,プライム（内国株式）,医薬品
4887.T,899350700.3125,937793500.0,False,サワイグループホールディングス,プライム（内国株式）,医薬品
4888.T,234304630.0,146336600.0,False,ステラファーマ,グロース（内国株式）,医薬品
4889.T,292382960.0,231594650.0,False,レナサイエンス,グロース（内国株式）,医薬品
4890.T,13623790.0,5942800.0,True,坪田ラボ,グロース（内国株式）,医薬品
4891.T,42387850.0,38703300.0,True,ティムス,グロース（内国株式）,医薬品
4892.T,33203540.0,30683900.0,True,サイフューズ,グロース（内国株式）,医薬品
4893.T,27732400.0,14450950.0,True,ノイルイミューン・バイオテック,グロース（内国株式）,医薬品
4894.T,1338085000.0,1051535000.0,False,クオリプス,グロース（内国株式）,医薬品
4896.T,15351880.0,11680700.0,True,ケイファーマ,グロース（内国株式）,医薬品
4901.T,14521610351.367188,14412382606.835938,False,富士フイルムホールディングス,プライム（内国株式）,化学
4902.T,4533154580.488281,3130606545.1293945,False,コニカミノルタ,プライム（内国株式）,電気機器
4911.T,9470569430.0,9404787700.0,False,資生堂,プライム（内国株式）,化学
4912.T,1712580310.0,1646429000.0,False,ライオン,プライム（内国株式）,化学
4914.T,220529638.56933594,198743150.0,False,高砂香料工業,プライム（内国株式）,化学
4918.T,3370840.0,3321300.0,True,アイビー化粧品,スタンダード（内国株式）,化学
4919.T,474578450.0,467267250.0,False,ミルボン,プライム（内国株式）,化学
4920.T,1715920.0,1178200.0,True,日本色材工業研究所,スタンダード（内国株式）,化学
4922.T,1725780230.0,1683702200.0,False,コーセーホールディングス,プライム（内国株式）,化学
4923.T,47924280.0,45979800.0,True,コタ,プライム（内国株式）,化学
4925.T,5558100.0,4363400.0,True,ハーバー研究所,スタンダード（内国株式）,化学
4926.T,1812621.7590332031,1794100.0,True,シーボン,スタンダード（内国株式）,化学
4927.T,571707895.0,479148975.0,False,ポーラ・オルビスホールディングス,プライム（内国株式）,化学
4928.T,538536834.2089844,404262000.0,False,ノエビアホールディングス,プライム（内国株式）,化学
4929.T,1826440.0,1667750.0,True,アジュバンホールディングス,スタンダード（内国株式）,化学
4931.T,133003646.08154297,93045750.0,True,新日本製薬,プライム（内国株式）,化学
4932.T,10648940.0,9078000.0,True,アルマード,スタンダード（内国株式）,化学
4933.T,344258610.0,235540400.0,False,Ｉ－ｎｅ,プライム（内国株式）,化学
4934.T,3988040.0,3355450.0,True,プレミアアンチエイジング,グロース（内国株式）,化学
4935.T,1350543660.0,820460300.0,False,リベルタ,スタンダード（内国株式）,化学
4936.T,16391040.0,16860000.0,True,アクシージア,スタンダード（内国株式）,化学
4937.T,18079910.0,9188700.0,True,Ｗａｑｏｏ,グロース（内国株式）,化学
4951.T,80571395.78979492,49009750.0,True,エステー,プライム（内国株式）,化学
4956.T,109291776.06445312,104695050.0,False,コニシ,プライム（内国株式）,化学
4958.T,446256134.1357422,258004000.0,False,長谷川香料,プライム（内国株式）,化学
4960.T,129009220.0,46799900.0,True,ケミプロ化成,スタンダード（内国株式）,化学
4966.T,1326086400.0,1027921000.0,False,上村工業,スタンダード（内国株式）,化学
4967.T,3386578930.0,2511074250.0,False,小林製薬,プライム（内国株式）,化学
4968.T,404395454.8144531,391290225.0,False,荒川化学工業,プライム（内国株式）,化学
4970.T,545585013.7304688,515556000.0,False,東洋合成工業,スタンダード（内国株式）,化学
4971.T,2745197600.0,2725543000.0,False,メック,プライム（内国株式）,化学
4972.T,214099100.0,166518750.0,False,綜研化学,スタンダード（内国株式）,化学
4973.T,386508478.7011719,338062143.5058594,False,日本高純度化学,プライム（内国株式）,化学
4975.T,453165883.2763672,404464000.0,False,ＪＣＵ,プライム（内国株式）,化学
4976.T,4163520.0,1145700.0,True,東洋ドライルーブ,スタンダード（内国株式）,化学
4977.T,36553670.0,34930600.0,True,新田ゼラチン,スタンダード（内国株式）,化学
4978.T,77033050.0,61085850.0,True,リプロセル,グロース（内国株式）,化学
4979.T,70147830.0,63809900.0,True,ＯＡＴアグリオ,スタンダード（内国株式）,化学
4980.T,7022064852.529297,7589623400.0,False,デクセリアルズ,プライム（内国株式）,化学
4985.T,232521700.0,208858500.0,False,アース製薬,プライム（内国株式）,化学
4990.T,1258311.9970703125,1041400.0,True,昭和化学工業,スタンダード（内国株式）,化学
4992.T,157088220.0,160581000.0,False,北興化学工業,スタンダード（内国株式）,化学
4994.T,36994687.41699219,35560887.08496094,True,大成ラミックグループ,スタンダード（内国株式）,化学
4996.T,375312590.0,367521200.0,False,クミアイ化学工業,プライム（内国株式）,化学
4997.T,488518234.43725586,369850200.0,False,日本農薬,プライム（内国株式）,化学
4998.T,22709350.0,18735000.0,True,フマキラー,スタンダード（内国株式）,化学
500A.T,42082450.0,24804500.0,True,ＴＯブックス,スタンダード（内国株式）,情報・通信業
5010.T,36148880.0,34458350.0,True,日本精蝋,スタンダード（内国株式）,石油・石炭製品
5011.T,176833354.55566406,170209400.0,False,ニチレキグループ,プライム（内国株式）,石油・石炭製品
5013.T,100491864.08203125,93659750.0,True,ユシロ,スタンダード（内国株式）,石油・石炭製品
5015.T,7419260.0,6876050.0,True,ビーピー・カストロール,スタンダード（内国株式）,石油・石炭製品
5016.T,70514322035.2002,68753086800.0,False,ＪＸ金属,プライム（内国株式）,非鉄金属
5018.T,32492380.0,26846550.0,True,ＭＯＲＥＳＣＯ,スタンダード（内国株式）,石油・石炭製品
5019.T,7919721688.779297,7884223550.0,False,出光興産,プライム（内国株式）,石油・石炭製品
5020.T,13958348804.650879,13817278525.0,False,ＥＮＥＯＳホールディングス,プライム（内国株式）,石油・石炭製品
5021.T,2805632467.8125,2574851289.0625,False,コスモエネルギーホールディングス,プライム（内国株式）,石油・石炭製品
5025.T,561750.0,532100.0,True,マーキュリー,グロース（内国株式）,情報・通信業
5026.T,9626480.0,8986650.0,True,トリプルアイズ,グロース（内国株式）,情報・通信業
5027.T,162306370.0,159891950.0,False,ＡｎｙＭｉｎｄ　Ｇｒｏｕｐ,グロース（内国株式）,情報・通信業
5028.T,2752960.0,2514900.0,True,セカンドサイトアナリティカ,グロース（内国株式）,情報・通信業
5029.T,9689050.0,10049300.0,True,サークレイス,グロース（内国株式）,情報・通信業
5031.T,59297560.0,51879400.0,True,モイ,グロース（内国株式）,情報・通信業
5032.T,1268531240.0,1120581000.0,False,ＡＮＹＣＯＬＯＲ,プライム（内国株式）,情報・通信業
5033.T,49446450.0,33657800.0,True,ヌーラボ,グロース（内国株式）,情報・通信業
5034.T,39647210.0,36214000.0,True,ｕｎｅｒｒｙ,グロース（内国株式）,情報・通信業
5035.T,1335440.0,988750.0,True,ＨＯＵＳＥＩ,グロース（内国株式）,情報・通信業
5036.T,220607905.94848633,126898000.0,False,日本ビジネスシステムズ,プライム（内国株式）,情報・通信業
5038.T,104939070.0,76752550.0,True,ｅＷｅＬＬ,グロース（内国株式）,情報・通信業
504A.T,55911820.0,55748800.0,True,イノバセル,グロース（内国株式）,医薬品
505A.T,22867920.0,22758600.0,True,ギークリー,スタンダード（内国株式）,サービス業
5071.T,106207710.0,23980000.0,True,ヴィス,スタンダード（内国株式）,サービス業
5074.T,455226600.0,466950800.0,False,テスホールディングス,プライム（内国株式）,建設業
5076.T,7294595701.26709,4794383800.0,False,インフロニア・ホールディングス,プライム（内国株式）,建設業
50765.T,35483854.16015625,24494400.0,True,インフロニア・ホールディングス第１回社債型種類株式,プライム（内国株式）,建設業
5078.T,2341050.0,2112250.0,True,セレコーポレーション,スタンダード（内国株式）,建設業
5079.T,23247310.0,18789250.0,True,ノバック,スタンダード（内国株式）,建設業
5101.T,7023300490.0,6694865200.0,False,横浜ゴム,プライム（内国株式）,ゴム製品
5105.T,3971877340.0,3884038100.0,False,ＴＯＹＯ　ＴＩＲＥ,プライム（内国株式）,ゴム製品
5108.T,15163699080.0,15709652650.0,False,ブリヂストン,プライム（内国株式）,ゴム製品
5110.T,3522397155.0,3586038400.0,False,住友ゴム工業,プライム（内国株式）,ゴム製品
5121.T,399975246.71875,337500500.0,False,藤倉コンポジット,プライム（内国株式）,ゴム製品
5122.T,130783788.11035156,126893000.0,False,オカモト,プライム（内国株式）,ゴム製品
5125.T,4867320.0,2487600.0,True,ファインズ,グロース（内国株式）,情報・通信業
5126.T,2010000.0,1441600.0,True,ポーターズ,グロース（内国株式）,情報・通信業
5129.T,16646510.0,16122750.0,True,ＦＩＸＥＲ,グロース（内国株式）,情報・通信業
5131.T,117069970.0,90116200.0,True,リンカーズ,グロース（内国株式）,情報・通信業
5132.T,47899010.0,42878500.0,True,ｐｌｕｓｚｅｒｏ,グロース（内国株式）,情報・通信業
5133.T,692389800.0,153274700.0,False,テリロジーホールディングス,スタンダード（内国株式）,情報・通信業
5134.T,1952560.0,1651700.0,True,ＰＯＰＥＲ,グロース（内国株式）,情報・通信業
5136.T,209833240.0,206832900.0,False,ｔｒｉｐｌａ,グロース（内国株式）,情報・通信業
5137.T,63210450.0,59758900.0,True,スマートドライブ,グロース（内国株式）,情報・通信業
5138.T,479200.0,442800.0,True,Ｒｅｂａｓｅ,グロース（内国株式）,情報・通信業
5139.T,9586010.0,7202750.0,True,オープンワーク,グロース（内国株式）,情報・通信業
5142.T,131233630.0,126379750.0,False,アキレス,プライム（内国株式）,化学
5161.T,449176868.18359375,403676950.0,False,西川ゴム工業,スタンダード（内国株式）,ゴム製品
5162.T,3670814.0393066406,2448800.0,True,朝日ラバー,スタンダード（内国株式）,ゴム製品
5184.T,57749600.0,56571750.0,True,ニチリン,スタンダード（内国株式）,ゴム製品
5185.T,92065237.7734375,84705000.0,True,フコク,プライム（内国株式）,ゴム製品
5186.T,321309109.51171875,314912500.0,False,ニッタ,プライム（内国株式）,ゴム製品
5187.T,3803090.0,3705300.0,True,クリエートメディック,スタンダード（内国株式）,精密機器
5189.T,1577585.576171875,1200927.880859375,True,櫻護謨,スタンダード（内国株式）,ゴム製品
5192.T,299061866.74316406,297057433.7158203,False,三ツ星ベルト,プライム（内国株式）,ゴム製品
5194.T,6992990.0,5381200.0,True,相模ゴム工業,スタンダード（内国株式）,ゴム製品
5195.T,170813708.8696289,162378400.0,False,バンドー化学,プライム（内国株式）,ゴム製品
5199.T,614260.0,596400.0,True,不二ラテックス,スタンダード（内国株式）,ゴム製品
519A.T,11358150.0,8736100.0,True,ベーシック,グロース（内国株式）,情報・通信業
5201.T,6720796110.0,6724025800.0,False,ＡＧＣ,プライム（内国株式）,ガラス・土石製品
5204.T,11839950.0,8666500.0,True,石塚硝子,スタンダード（内国株式）,ガラス・土石製品
5208.T,596475648.7890625,568479043.9453125,False,有沢製作所,プライム（内国株式）,化学
520A.T,198710790.0,120891300.0,False,ジェイファーマ,グロース（内国株式）,医薬品
5210.T,95213975.4663086,99424500.0,True,日本山村硝子,スタンダード（内国株式）,ガラス・土石製品
5214.T,2702094670.0,2762290750.0,False,日本電気硝子,プライム（内国株式）,ガラス・土石製品
5216.T,12261140.0,8266000.0,True,倉元製作所,スタンダード（内国株式）,ガラス・土石製品
5218.T,127756930.0,128745150.0,False,オハラ,スタンダード（内国株式）,ガラス・土石製品
5232.T,1140528983.2885742,1119579600.0,False,住友大阪セメント,プライム（内国株式）,ガラス・土石製品
5233.T,2121067840.7226562,2148207250.0,False,太平洋セメント,プライム（内国株式）,ガラス・土石製品
5237.T,7427910.0,6899650.0,True,ノザワ,スタンダード（内国株式）,ガラス・土石製品
523A.T,154305670.0,154218250.0,False,セイワホールディングス,グロース（内国株式）,金属製品
5240.T,12372630.0,11892000.0,True,ｍｏｎｏＡＩ　ｔｅｃｈｎｏｌｏｇｙ,グロース（内国株式）,情報・通信業
5242.T,17876030.0,10737150.0,True,アイズ,グロース（内国株式）,情報・通信業
5243.T,3009819360.0,2655873500.0,False,ｎｏｔｅ,グロース（内国株式）,情報・通信業
5244.T,32106490.0,31093500.0,True,ｊｉｇ．ｊｐ,グロース（内国株式）,情報・通信業
5246.T,886926050.0,453051600.0,False,ＥＬＥＭＥＮＴＳ,グロース（内国株式）,情報・通信業
5247.T,1619010.0,1597200.0,True,ＢＴＭ,グロース（内国株式）,情報・通信業
5248.T,6594930.0,6803850.0,True,テクノロジーズ,グロース（内国株式）,情報・通信業
5250.T,1936140.0,1381750.0,True,ＧＭＯプライム・ストラテジー,スタンダード（内国株式）,情報・通信業
5252.T,25689220.0,21703400.0,True,日本ナレッジ,グロース（内国株式）,情報・通信業
5253.T,2761523150.0,1439899200.0,False,カバー,グロース（内国株式）,情報・通信業
5254.T,57366450.0,61945500.0,True,Ａｒｅｎｔ,グロース（内国株式）,情報・通信業
5255.T,13355130.0,11428000.0,True,モンスターラボ,グロース（内国株式）,情報・通信業
5256.T,61584350.0,64764750.0,True,Ｆｕｓｉｃ,グロース（内国株式）,情報・通信業
5257.T,3681490.0,2567250.0,True,ノバシステム,スタンダード（内国株式）,情報・通信業
5258.T,22774430.0,22712850.0,True,トランザクション・メディア・ネットワークス,グロース（内国株式）,情報・通信業
5261.T,23650300.0,21100000.0,True,リソルホールディングス,プライム（内国株式）,サービス業
5262.T,235188806.98242188,234428900.0,False,日本ヒューム,プライム（内国株式）,ガラス・土石製品
5268.T,2823220.0,2206050.0,True,旭コンクリート工業,スタンダード（内国株式）,ガラス・土石製品
5269.T,54144917.31201172,54044650.0,True,日本コンクリート工業,プライム（内国株式）,ガラス・土石製品
5271.T,1394830.0,1247000.0,True,トーヨーアサノ,スタンダード（内国株式）,ガラス・土石製品
5273.T,120312291.5258789,125335400.0,False,三谷セキサン,スタンダード（内国株式）,ガラス・土石製品
5279.T,3443850.0,3178100.0,True,日本興業,スタンダード（内国株式）,ガラス・土石製品
5280.T,20423750.0,13568100.0,True,ヨシコン,スタンダード（内国株式）,不動産業
5282.T,24577813.96697998,22443850.0,True,ジオスター,スタンダード（内国株式）,ガラス・土石製品
5283.T,2649450.0,1431500.0,True,高見澤,スタンダード（内国株式）,卸売業
5284.T,13075890.0,9981950.0,True,ヤマウホールディングス,スタンダード（内国株式）,ガラス・土石製品
5285.T,34038200.0,31302600.0,True,ヤマックス,スタンダード（内国株式）,ガラス・土石製品
5287.T,22263380.0,19279050.0,True,イトーヨーギョー,スタンダード（内国株式）,ガラス・土石製品
5288.T,288383478.0395508,293637100.0,False,アジアパイルホールディングス,プライム（内国株式）,ガラス・土石製品
5290.T,107423740.0,109723200.0,False,ベルテクスコーポレーション,スタンダード（内国株式）,ガラス・土石製品
5301.T,5073913955.0,4600594175.0,False,東海カーボン,プライム（内国株式）,ガラス・土石製品
5302.T,209356200.0,196148500.0,False,日本カーボン,プライム（内国株式）,ガラス・土石製品
5304.T,58721226.25488281,49015600.0,True,ＳＥＣカーボン,スタンダード（内国株式）,ガラス・土石製品
5310.T,682278000.0,616054000.0,False,東洋炭素,プライム（内国株式）,ガラス・土石製品
5331.T,674772515.6079102,629354750.0,False,ノリタケ,プライム（内国株式）,ガラス・土石製品
5332.T,6691690789.667969,6323050800.0,False,ＴＯＴＯ,プライム（内国株式）,ガラス・土石製品
5333.T,7486446634.160156,7663967250.0,False,ＮＧＫ,プライム（内国株式）,ガラス・土石製品
5334.T,9101498462.470703,9275121000.0,False,日本特殊陶業,プライム（内国株式）,ガラス・土石製品
5337.T,35119820.0,22610200.0,True,ダントーホールディングス,スタンダード（内国株式）,ガラス・土石製品
5341.T,4738940.0,4773250.0,True,ＡＳＡＨＩ　ＥＩＴＯホールディングス,スタンダード（内国株式）,ガラス・土石製品
5344.T,6384553019.9609375,6057258000.0,False,ＭＡＲＵＷＡ,プライム（内国株式）,ガラス・土石製品
5351.T,223009489.30908203,214415450.0,False,品川リフラ,プライム（内国株式）,ガラス・土石製品
5355.T,2096430.0,1598400.0,True,日本坩堝,スタンダード（内国株式）,ガラス・土石製品
5356.T,7190159.2041015625,2943100.0,True,美濃窯業,スタンダード（内国株式）,ガラス・土石製品
5357.T,91275313.28613281,92955500.0,True,ヨータイ,プライム（内国株式）,ガラス・土石製品
5363.T,52628392.83203125,35304100.0,True,東京窯業,スタンダード（内国株式）,ガラス・土石製品
5367.T,276347497.2314453,257018636.15722656,False,ニッカトー,スタンダード（内国株式）,ガラス・土石製品
5368.T,21242480.0,20486400.0,True,日本インシュレーション,スタンダード（内国株式）,ガラス・土石製品
5380.T,4434120.0,2148500.0,True,新東,スタンダード（内国株式）,ガラス・土石製品
5381.T,310789010.0,308421250.0,False,マイポックス,スタンダード（内国株式）,ガラス・土石製品
5384.T,982235801.4746094,1010007950.0,False,フジミインコーポレーテッド,プライム（内国株式）,ガラス・土石製品
5388.T,10436557.170410156,9184050.0,True,クニミネ工業,スタンダード（内国株式）,ガラス・土石製品
5391.T,9774226.843261719,10125600.0,True,エーアンドエーマテリアル,スタンダード（内国株式）,ガラス・土石製品
5393.T,1778398979.934082,1763597650.0,False,ニチアス,プライム（内国株式）,ガラス・土石製品
5401.T,19947129126.480713,19341492863.02185,False,日本製鉄,プライム（内国株式）,鉄鋼
5406.T,3854147941.166992,4017016805.834961,False,神戸製鋼所,プライム（内国株式）,鉄鋼
5408.T,125509414.85717773,123660600.0,False,中山製鋼所,プライム（内国株式）,鉄鋼
5410.T,245596562.50732422,220528250.0,False,合同製鐵,プライム（内国株式）,鉄鋼
5411.T,8763034969.597168,8285564022.98584,False,ＪＦＥホールディングス,プライム（内国株式）,鉄鋼
5423.T,655481836.027832,542043900.0,False,東京製鐵,プライム（内国株式）,鉄鋼
542A.T,8368230.0,6272400.0,True,ビタブリッドジャパン,グロース（内国株式）,化学
543A.T,6505775616.269531,5362938450.0,False,ＡＲＣＨＩＯＮ,プライム（内国株式）,輸送用機器
5440.T,260759014.7680664,254938300.0,False,共英製鋼,プライム（内国株式）,鉄鋼
5444.T,2029894310.7421875,1854959000.0,False,大和工業,プライム（内国株式）,鉄鋼
5445.T,203504098.15307617,208394750.0,False,東京鐵鋼,プライム（内国株式）,鉄鋼
5446.T,2121570.0,1736800.0,True,北越メタル,スタンダード（内国株式）,鉄鋼
5449.T,72183170.0,72644950.0,True,大阪製鐵,スタンダード（内国株式）,鉄鋼
544A.T,116790445.16601562,115776900.0,False,ＧＭＳグループ,プライム（内国株式）,機械
5451.T,381224027.20703125,398656100.0,False,ヨドコウ,プライム（内国株式）,鉄鋼
5458.T,1314570.0,1130750.0,True,高砂鐵工,スタンダード（内国株式）,鉄鋼
545A.T,85225480.0,76988150.0,True,トランヴィア,プライム（内国株式）,情報・通信業
5461.T,272772462.4707031,257999762.35351562,False,中部鋼鈑,プライム（内国株式）,鉄鋼
5463.T,1104457124.765625,1103871198.828125,False,丸一鋼管,プライム（内国株式）,鉄鋼
5464.T,33147764.956054688,31819900.0,True,モリ工業,スタンダード（内国株式）,鉄鋼
546A.T,480920655.625,406012500.0,False,ＭＩＲＡＩＮＩホールディングス,プライム（内国株式）,卸売業
5471.T,2430352855.6640625,2275426575.0,False,大同特殊鋼,プライム（内国株式）,鉄鋼
547A.T,914127480.0,905350050.0,False,ムニノバホールディングス,プライム（内国株式）,その他金融業
5480.T,286189397.5341797,279006500.0,False,日本冶金工業,プライム（内国株式）,鉄鋼
5482.T,580924708.8623047,523230000.0,False,愛知製鋼,プライム（内国株式）,鉄鋼
5484.T,2409050.0,1112000.0,True,東北特殊鋼,スタンダード（内国株式）,鉄鋼
548A.T,12545750.0,11239300.0,True,システムエグゼ,スタンダード（内国株式）,情報・通信業
5491.T,13275490.0,8971200.0,True,日本金属,スタンダード（内国株式）,鉄鋼
549A.T,15774237.446594238,14692653.620910645,True,ヒトトヒトホールディングス,スタンダード（内国株式）,サービス業
550A.T,6181559.609375,5178900.0,True,ソフトテックス,スタンダード（内国株式）,情報・通信業
5527.T,21625310.0,20018100.0,True,ｐｒｏｐｅｒｔｙ　ｔｅｃｈｎｏｌｏｇｉｅｓ,グロース（内国株式）,不動産業
5532.T,74321050.0,54602000.0,True,リアルゲイト,グロース（内国株式）,不動産業
5533.T,1434729.9609375,747750.0,True,エリッツホールディングス,スタンダード（内国株式）,不動産業
5535.T,44021300.18310547,37209900.0,True,ミガロホールディングス,プライム（内国株式）,不動産業
5537.T,200157300.0,158490500.0,False,ＡｌｂａＬｉｎｋ,グロース（内国株式）,不動産業
5541.T,668226879.0625,582402100.0,False,大平洋金属,プライム（内国株式）,鉄鋼
5542.T,259999950.0,118642950.0,False,新報国マテリアル,スタンダード（内国株式）,鉄鋼
554A.T,9718360.0,9900950.0,True,バトンズ,グロース（内国株式）,情報・通信業
5563.T,239282690.0,205763550.0,False,新日本電工,プライム（内国株式）,鉄鋼
556A.T,195905020.0,139812350.0,False,犬猫生活,グロース（内国株式）,小売業
5570.T,6097985.451660156,6056150.0,True,ジェノバ,グロース（内国株式）,情報・通信業
5571.T,3048790.0,3256600.0,True,エキサイトホールディングス,スタンダード（内国株式）,情報・通信業
5572.T,158194000.0,148876250.0,False,Ｒｉｄｇｅ－ｉ,グロース（内国株式）,情報・通信業
5574.T,383885500.0,325077000.0,False,ＡＢＥＪＡ,グロース（内国株式）,情報・通信業
5575.T,13326680.0,13222200.0,True,Ｇｌｏｂｅｅ,グロース（内国株式）,情報・通信業
5576.T,5763170.419921875,4867000.0,True,オービーシステム,スタンダード（内国株式）,情報・通信業
5578.T,17370030.0,16108350.0,True,ＡＲアドバンストテクノロジ,グロース（内国株式）,情報・通信業
5580.T,1712240.0,1222800.0,True,プロディライト,グロース（内国株式）,情報・通信業
5582.T,24946410.0,20794150.0,True,グリッド,グロース（内国株式）,情報・通信業
5586.T,35230610.0,34113300.0,True,Ｌａｂｏｒｏ．ＡＩ,グロース（内国株式）,情報・通信業
5587.T,5603150.0,4658200.0,True,インバウンドプラットフォーム,グロース（内国株式）,情報・通信業
5588.T,87989600.0,41758500.0,True,ファーストアカウンティング,グロース（内国株式）,情報・通信業
5589.T,6315390.0,4291500.0,True,オートサーバー,スタンダード（内国株式）,情報・通信業
558A.T,122273000.0,109362000.0,False,ＳＱＵＥＥＺＥ,グロース（内国株式）,サービス業
5590.T,41048520.0,42837300.0,True,ネットスターズ,グロース（内国株式）,情報・通信業
5591.T,15900850.0,14940450.0,True,ＡＶＩＬＥＮ,グロース（内国株式）,情報・通信業
5592.T,135402930.0,138842300.0,False,くすりの窓口,グロース（内国株式）,情報・通信業
5597.T,38649820.0,35777350.0,True,ブルーイノベーション,グロース（内国株式）,情報・通信業
5599.T,440519600.0,31155250.0,True,Ｓ＆Ｊ,グロース（内国株式）,情報・通信業
559A.T,11425690.0,10216000.0,True,梅乃宿酒造,スタンダード（内国株式）,食料品
5602.T,400153717.55859375,387187900.0,False,栗本鐵工所,プライム（内国株式）,鉄鋼
5603.T,4919190.0,2013550.0,True,虹技,スタンダード（内国株式）,鉄鋼
5609.T,3851320.0,4117650.0,True,日本鋳造,スタンダード（内国株式）,鉄鋼
5612.T,7428310.0,7953200.0,True,日本鋳鉄管,スタンダード（内国株式）,鉄鋼
5616.T,1847130.0,1282600.0,True,雨風太陽,グロース（内国株式）,情報・通信業
5618.T,789980.0,385500.0,True,ナイル,グロース（内国株式）,情報・通信業
5619.T,738380.0,501600.0,True,マーソ,グロース（内国株式）,情報・通信業
5621.T,55740640.0,27544350.0,True,ヒューマンテクノロジーズ,グロース（内国株式）,情報・通信業
5631.T,5599571980.141602,5293231700.0,False,日本製鋼所,プライム（内国株式）,機械
5632.T,252256759.54833984,235089700.0,False,三菱製鋼,プライム（内国株式）,鉄鋼
5644.T,11757700.0,9839000.0,True,メタルアート,スタンダード（内国株式）,鉄鋼
5658.T,5540345.673828125,5883800.0,True,日亜鋼業,スタンダード（内国株式）,鉄鋼
5659.T,74933334.60205078,73692900.0,True,日本精線,プライム（内国株式）,鉄鋼
5695.T,799645.68359375,712150.0,True,パウダーテック,スタンダード（内国株式）,鉄鋼
5697.T,4057400.0,2478900.0,True,サンユウ,スタンダード（内国株式）,鉄鋼
5698.T,82676810.0,79421150.0,True,エンビプロ・ホールディングス,スタンダード（内国株式）,鉄鋼
5699.T,4242680.0,2495250.0,True,イボキン,スタンダード（内国株式）,鉄鋼
5702.T,473868130.9350586,446437004.67529297,False,大紀アルミニウム工業所,プライム（内国株式）,非鉄金属
5703.T,619410617.2265625,635930350.0,False,日本軽金属ホールディングス,プライム（内国株式）,非鉄金属
5704.T,1966690.0,1321050.0,True,ＪＭＣ,スタンダード（内国株式）,非鉄金属
5706.T,41293713024.72168,44272580800.0,False,三井金属,プライム（内国株式）,非鉄金属
5707.T,304828010.0,309314400.0,False,東邦亜鉛,プライム（内国株式）,非鉄金属
5711.T,7225543894.311523,7067812450.0,False,三菱マテリアル,プライム（内国株式）,非鉄金属
5713.T,23513859548.632812,22978558300.0,False,住友金属鉱山,プライム（内国株式）,非鉄金属
5714.T,3757328720.0,3491805250.0,False,ＤＯＷＡホールディングス,プライム（内国株式）,非鉄金属
5715.T,794333944.5605469,728748250.0,False,古河機械金属,プライム（内国株式）,非鉄金属
5721.T,113907550.0,78248900.0,True,エスクリプトエナジー,スタンダード（内国株式）,非鉄金属
5724.T,105956881.47216797,95115600.0,True,アサカ理研,スタンダード（内国株式）,非鉄金属
5726.T,1265346280.0,1130245750.0,False,大阪チタニウムテクノロジーズ,プライム（内国株式）,非鉄金属
5729.T,12377310.0,12531500.0,True,日本精鉱,スタンダード（内国株式）,非鉄金属
5741.T,2300742946.369629,2310091300.0,False,ＵＡＣＪ,プライム（内国株式）,非鉄金属
5742.T,2554680.0,1861700.0,True,エヌアイシ・オートテック,スタンダード（内国株式）,非鉄金属
5753.T,3484502.2534179688,3609900.0,True,日本伸銅,スタンダード（内国株式）,非鉄金属
5757.T,43330973.49609375,46894000.0,True,ＣＫサンエツ,プライム（内国株式）,非鉄金属
575A.T,182535670.0,154548600.0,False,前澤ホールディングス,プライム（内国株式）,機械
5801.T,98431157784.10156,93672533650.0,False,古河電気工業,プライム（内国株式）,非鉄金属
5802.T,45965481840.55908,46100548525.0,False,住友電気工業,プライム（内国株式）,非鉄金属
5803.T,193951588605.52734,194900989800.0,False,フジクラ,プライム（内国株式）,非鉄金属
5805.T,3878697087.5634766,3852178050.0,False,ＳＷＣＣ,プライム（内国株式）,非鉄金属
5816.T,34877270.0,33722350.0,True,オーナンバ,スタンダード（内国株式）,非鉄金属
5817.T,51937410.0,45135000.0,True,ＪＭＡＣＳ,スタンダード（内国株式）,非鉄金属
5819.T,7229910.0,6124250.0,True,カナレ電気,スタンダード（内国株式）,非鉄金属
581A.T,7873747050.0,8132193500.0,False,ＧＯ,グロース（内国株式）,情報・通信業
5820.T,30054210.0,27680850.0,True,三ッ星,スタンダード（内国株式）,非鉄金属
5821.T,171379764.5703125,144139250.0,False,平河ヒューテック,プライム（内国株式）,非鉄金属
5830.T,4519014002.592773,4244020400.0,False,いよぎんホールディングス,プライム（内国株式）,銀行業
5831.T,6806416869.1796875,6616165200.0,False,しずおかフィナンシャルグループ,プライム（内国株式）,銀行業
5832.T,1718318007.8173828,1778928300.0,False,ちゅうぎんフィナンシャルグループ,プライム（内国株式）,銀行業
5834.T,112334312.35107422,91606750.0,True,ＳＢＩリーシングサービス,グロース（内国株式）,証券、商品先物取引業
5838.T,7319179170.0,7472876750.0,False,楽天銀行,プライム（内国株式）,銀行業
5842.T,316852910.0,271079200.0,False,インテグラル,グロース（内国株式）,証券、商品先物取引業
5843.T,7648860.380859375,6987100.0,True,ニッポンインシュア,スタンダード（内国株式）,その他金融業
5844.T,5000940556.376953,4894293981.884766,False,京都フィナンシャルグループ,プライム（内国株式）,銀行業
5845.T,26972630.0,21715400.0,True,全保連,スタンダード（内国株式）,その他金融業
584A.T,155255790.0,139409950.0,False,ＬｉＮＫＸ,グロース（内国株式）,情報・通信業
5851.T,385215140.0,384612200.0,False,リョービ,プライム（内国株式）,非鉄金属
5852.T,92161861.94580078,78777150.0,True,アーレスティ,プライム（内国株式）,非鉄金属
5857.T,1762399969.7753906,1629161500.0,False,ＡＲＥホールディングス,プライム（内国株式）,非鉄金属
5858.T,3346270.0,1909600.0,True,ＳＴＧ,グロース（内国株式）,非鉄金属
5867.T,3706180.0,2580000.0,True,エスネットワークス,グロース（内国株式）,サービス業
5868.T,9362690.0,7267150.0,True,ロココ,スタンダード（内国株式）,サービス業
5869.T,6906280.0,5977800.0,True,早稲田学習研究会,スタンダード（内国株式）,サービス業
5870.T,7788120.0,6506300.0,True,ナルネットコミュニケーションズ,グロース（内国株式）,サービス業
5871.T,19026670.0,7871950.0,True,ＳＯＬＩＺＥ　Ｈｏｌｄｉｎｇｓ,スタンダード（内国株式）,サービス業
5884.T,5265990.0,5211600.0,True,クラダシ,グロース（内国株式）,小売業
5885.T,72652100.0,65086250.0,True,ジーデップ・アドバンス,スタンダード（内国株式）,卸売業
5888.T,23977960.0,13007500.0,True,ＤＡＩＷＡ　ＣＹＣＬＥ,グロース（内国株式）,小売業
5889.T,314766790.0,309813600.0,False,Ｊａｐａｎ　Ｅｙｅｗｅａｒ　Ｈｏｌｄｉｎｇｓ,プライム（内国株式）,小売業
5891.T,6360640.0,6031450.0,True,ＳＡＫＩＧＡＫＥホールディングス,スタンダード（内国株式）,小売業
5892.T,338579140.0,330306400.0,False,ｙｕｔｏｒｉ,グロース（内国株式）,小売業
589A.T,26275280.0,21631950.0,True,ネイス,グロース（内国株式）,サービス業
5900.T,1066770.0,688300.0,True,ダイケン,スタンダード（内国株式）,金属製品
5901.T,2106236873.3789062,2069790600.0,False,東洋製罐グループホールディングス,プライム（内国株式）,金属製品
5902.T,66951263.43261719,61561300.0,True,ホッカンホールディングス,プライム（内国株式）,金属製品
5905.T,681830.0,273500.0,True,日本製罐,スタンダード（内国株式）,金属製品
5906.T,2663760.0,2756800.0,True,エムケー精工,スタンダード（内国株式）,金属製品
5909.T,17282153.64013672,17675318.200683594,True,コロナ,スタンダード（内国株式）,金属製品
590A.T,200541220.0,164874550.0,False,ギフティグループ,プライム（内国株式）,情報・通信業
5911.T,317443000.1513672,316630800.0,False,横河ブリッジホールディングス,プライム（内国株式）,金属製品
5915.T,10377566.318359375,5403100.0,True,駒井ハルテック,スタンダード（内国株式）,金属製品
5918.T,4925200.0,5736000.0,True,瀧上工業,スタンダード（内国株式）,金属製品
5921.T,16332898.828125,6468000.0,True,川岸工業,スタンダード（内国株式）,金属製品
5922.T,6995200.0,3003500.0,True,那須電機鉄工,スタンダード（内国株式）,金属製品
5923.T,25880340.0,2289300.0,True,高田機工,スタンダード（内国株式）,金属製品
5928.T,1284290.0,1281600.0,True,アルメタックス,スタンダード（内国株式）,金属製品
5929.T,2332995967.8125,2242685550.0,False,三和ホールディングス,プライム（内国株式）,金属製品
5930.T,217721065.0830078,219357950.0,False,文化シヤッター,プライム（内国株式）,金属製品
5932.T,172887640.0,102415900.0,False,三協立山,プライム（内国株式）,金属製品
5933.T,39750050.0,40761800.0,True,アルインコ,プライム（内国株式）,金属製品
5936.T,7354410.0,4978850.0,True,東洋シヤッター,スタンダード（内国株式）,金属製品
5938.T,3752378520.0,3660766600.0,False,ＬＩＸＩＬ,プライム（内国株式）,金属製品
5939.T,4100000.0,932000.0,True,大谷工業,スタンダード（内国株式）,金属製品
593A.T,38669102270.0,22545456750.0,False,ティアフォー,グロース（内国株式）,情報・通信業
5940.T,19677610.0,15984550.0,True,不二サッシ,スタンダード（内国株式）,金属製品
5941.T,4401270.0,3771750.0,True,中西製作所,スタンダード（内国株式）,金属製品
5942.T,182184820.0,75676000.0,True,日本フイルコン,スタンダード（内国株式）,金属製品
5943.T,171639010.0,162312900.0,False,ノーリツ,プライム（内国株式）,金属製品
5945.T,2147170.0,2052200.0,True,天龍製鋸,スタンダード（内国株式）,金属製品
5946.T,112165770.0,107046600.0,False,長府製作所,プライム（内国株式）,金属製品
5947.T,1142785343.8623047,1107365400.0,False,リンナイ,プライム（内国株式）,金属製品
5949.T,186223946.9189453,166604800.0,False,ユニプレス,プライム（内国株式）,輸送用機器
5950.T,1866300.0,1930650.0,True,日本パワーファスニング,スタンダード（内国株式）,金属製品
5951.T,7917780.0,6550450.0,True,ダイニチ工業,スタンダード（内国株式）,金属製品
5952.T,5239200.0,2566750.0,True,アマテイ,スタンダード（内国株式）,金属製品
5955.T,58777220.0,61894200.0,True,ワイズホールディングス,スタンダード（内国株式）,金属製品
5956.T,4398889.772949219,2918398.8647460938,True,トーソー,スタンダード（内国株式）,金属製品
5957.T,66725960.0,68045700.0,True,日東精工,プライム（内国株式）,金属製品
5958.T,33726250.0,18887000.0,True,三洋工業,スタンダード（内国株式）,金属製品
5959.T,77085660.0,75692650.0,True,岡部,プライム（内国株式）,金属製品
5962.T,1336820.0,1288500.0,True,浅香工業,スタンダード（内国株式）,その他製品
5965.T,5875060.0,5444950.0,True,フジマック,スタンダード（内国株式）,金属製品
5966.T,1331975.859375,1104400.0,True,京都機械工具,スタンダード（内国株式）,金属製品
5967.T,11842420.0,6182000.0,True,ＴＯＮＥ,スタンダード（内国株式）,金属製品
5969.T,191860.0,119800.0,True,ロブテックス,スタンダード（内国株式）,金属製品
5970.T,246893193.57177734,235569400.0,False,ジーテクト,プライム（内国株式）,金属製品
5971.T,6573100.0,6290000.0,True,共和工業所,スタンダード（内国株式）,金属製品
5973.T,921791.171875,663405.859375,True,トーアミ,スタンダード（内国株式）,金属製品
5974.T,472870.0,418250.0,True,中国工業,スタンダード（内国株式）,金属製品
5975.T,280522026.2841797,284159131.42089844,False,東プレ,プライム（内国株式）,金属製品
5976.T,124636029.57763672,115726700.0,False,高周波熱錬,プライム（内国株式）,金属製品
5981.T,111607241.05957031,103792300.0,False,東京製綱,プライム（内国株式）,金属製品
5982.T,12292600.0,9064250.0,True,マルゼン,スタンダード（内国株式）,金属製品
5983.T,27761425.48828125,13032000.0,True,イワブチ,スタンダード（内国株式）,金属製品
5984.T,3289496.9750976562,2340000.0,True,兼房,スタンダード（内国株式）,金属製品
5985.T,2118673624.8046875,1830834324.0234375,False,サンコール,スタンダード（内国株式）,金属製品
5986.T,61544080.0,26446800.0,True,モリテック　スチール,スタンダード（内国株式）,金属製品
5987.T,2103420.0,1491750.0,True,オーネックス,スタンダード（内国株式）,金属製品
5988.T,147340990.2783203,139816500.0,False,パイオラックス,プライム（内国株式）,金属製品
5989.T,221341728.9794922,211769250.0,False,エイチワン,プライム（内国株式）,金属製品
598A.T,37755440.0,37923600.0,True,チャットプラス,グロース（内国株式）,情報・通信業
5990.T,992050.0,676250.0,True,スーパーツール,スタンダード（内国株式）,金属製品
5991.T,2909674462.7978516,2250909213.989258,False,日本発條,プライム（内国株式）,金属製品
5992.T,123035728.48632812,118702750.0,False,中央発條,スタンダード（内国株式）,金属製品
5994.T,2687150.0,1564800.0,True,ファインシンター,スタンダード（内国株式）,金属製品
5997.T,1494130.0,812800.0,True,協立エアテック,スタンダード（内国株式）,金属製品
5998.T,33981770.0,34404150.0,True,アドバネクス,スタンダード（内国株式）,金属製品
6005.T,1416532210.5078125,1346297800.0,False,三浦工業,プライム（内国株式）,機械
6013.T,477461524.4140625,488261900.0,False,タクマ,プライム（内国株式）,機械
6016.T,1325041551.5332031,1320674000.0,False,ジャパンエンジンコーポレーション,スタンダード（内国株式）,輸送用機器
6018.T,6814201.455078125,6355007.275390625,True,阪神内燃機工業,スタンダード（内国株式）,輸送用機器
6022.T,4913610.0,3690050.0,True,赤阪鐵工所,スタンダード（内国株式）,機械
6023.T,368473193.3276367,360101000.0,False,ダイハツインフィニアース,スタンダード（内国株式）,輸送用機器
6027.T,942101100.0,940031500.0,False,弁護士ドットコム,プライム（内国株式）,サービス業
6029.T,4949150.0,4718150.0,True,アトラグループ,スタンダード（内国株式）,サービス業
6030.T,34745480.0,34066250.0,True,アドベンチャー,グロース（内国株式）,サービス業
6031.T,9012490.0,9187450.0,True,ＺＥＴＡ,スタンダード（内国株式）,サービス業
6033.T,32859960.0,21753650.0,True,エクストリーム,グロース（内国株式）,サービス業
6034.T,8980720.0,5831100.0,True,ＭＲＴ,グロース（内国株式）,サービス業
6035.T,24568446.790771484,24815433.953857422,True,アイ・アールジャパンホールディングス,スタンダード（内国株式）,サービス業
6036.T,526197300.0,351776000.0,False,ＫｅｅＰｅｒ技研,プライム（内国株式）,サービス業
6037.T,35093420.0,35806000.0,True,楽待,スタンダード（内国株式）,サービス業
6038.T,2933540.0,2799700.0,True,イード,グロース（内国株式）,サービス業
6039.T,47267470.0,46210850.0,True,日本動物高度医療センター,グロース（内国株式）,サービス業
603A.T,808072040.0,793971300.0,False,アイ・グリッド・ソリューションズ,グロース（内国株式）,電気・ガス業
6040.T,14680760.0,15101400.0,True,日本スキー場開発,グロース（内国株式）,サービス業
6042.T,3447700.0,3642750.0,True,ニッキ,スタンダード（内国株式）,輸送用機器
6044.T,7104550.0,5323750.0,True,三機サービス,スタンダード（内国株式）,サービス業
6045.T,69673009.0234375,43850550.0,True,レントラックス,グロース（内国株式）,サービス業
6046.T,5740110.0,3812700.0,True,リンクバル,スタンダード（内国株式）,サービス業
6047.T,25204980.0,23804650.0,True,Ｇｕｎｏｓｙ,スタンダード（内国株式）,サービス業
6049.T,2078750.0,1587600.0,True,イトクロ,グロース（内国株式）,サービス業
604A.T,2901866080.0,2498810400.0,False,ビーエイブル,スタンダード（内国株式）,建設業
6050.T,74554138.60595703,63024500.0,True,イー・ガーディアン,プライム（内国株式）,サービス業
6054.T,1257590.0,1013650.0,True,リブセンス,スタンダード（内国株式）,サービス業
6055.T,1237043460.0,1295081150.0,False,ジャパンマテリアル,プライム（内国株式）,サービス業
6058.T,883728780.0,817822600.0,False,ベクトル,プライム（内国株式）,サービス業
6059.T,3189270.0,2986450.0,True,ウチヤマホールディングス,スタンダード（内国株式）,サービス業
6061.T,18476950.0,14173000.0,True,ユニバーサル園芸社,スタンダード（内国株式）,サービス業
6062.T,127622170.0,121311600.0,False,チャーム・ケア・コーポレーション,プライム（内国株式）,サービス業
6063.T,620770.0,495300.0,True,日本エマージェンシーアシスタンス,スタンダード（内国株式）,サービス業
6069.T,12537430.0,12594400.0,True,トレンダーズ,グロース（内国株式）,サービス業
6070.T,143990180.0,93122500.0,True,キャリアリンク,プライム（内国株式）,サービス業
6071.T,147798260.0,163074700.0,False,ＩＢＪ,プライム（内国株式）,サービス業
6072.T,587337670.0,559606800.0,False,地盤ネットホールディングス,スタンダード（内国株式）,サービス業
6073.T,66782089.685058594,57962700.0,True,アサンテ,プライム（内国株式）,サービス業
6074.T,7311470.322265625,1233200.0,True,ジェイエスエス,スタンダード（内国株式）,サービス業
6078.T,48606430.0,42242400.0,True,バリューＨＲ,プライム（内国株式）,サービス業
607A.T,124810600.0,107932750.0,False,エブリー,グロース（内国株式）,サービス業
6080.T,343952483.37890625,336924250.0,False,Ｍ＆Ａキャピタルパートナーズ,プライム（内国株式）,サービス業
6081.T,26102260.0,24949400.0,True,アライドアーキテクツ,グロース（内国株式）,サービス業
6082.T,20742180.0,22181550.0,True,ライドオンエクスプレスホールディングス,スタンダード（内国株式）,サービス業
6083.T,241087860.0,153872500.0,False,ＥＲＩホールディングス,スタンダード（内国株式）,サービス業
6085.T,622143650.0,516265000.0,False,アーキテクツ・スタジオ・ジャパン,グロース（内国株式）,サービス業
6086.T,25928730.0,24596800.0,True,シンメンテホールディングス,グロース（内国株式）,サービス業
6087.T,17149776.71875,10181250.0,True,アビスト,スタンダード（内国株式）,サービス業
6088.T,241837780.0,217390900.0,False,シグマクシス・ホールディングス,プライム（内国株式）,サービス業
6089.T,42108650.0,45103150.0,True,ウィルグループ,プライム（内国株式）,サービス業
6090.T,1548330.0,1557900.0,True,ヒューマン・メタボローム・テクノロジーズ,スタンダード（内国株式）,サービス業
6091.T,6604040.0,3758800.0,True,ウエスコホールディングス,スタンダード（内国株式）,サービス業
6092.T,20399460.0,11957150.0,True,エンバイオ・ホールディングス,スタンダード（内国株式）,サービス業
6093.T,18458180.0,13045700.0,True,ミトラグループ,スタンダード（内国株式）,サービス業
6094.T,55977810.0,24849500.0,True,フリークアウト・ホールディングス,グロース（内国株式）,サービス業
6098.T,61376194523.34961,63077266600.0,False,リクルートホールディングス,プライム（内国株式）,サービス業
6099.T,54095790.0,47447900.0,True,エラン,プライム（内国株式）,サービス業
6101.T,1589024284.21875,1582154000.0,False,ツガミ,プライム（内国株式）,機械
6103.T,1813355578.515625,1725461750.0,False,オークマ,プライム（内国株式）,機械
6104.T,1044833932.8320312,1001806000.0,False,芝浦機械,プライム（内国株式）,機械
6113.T,4921686602.167969,5353857675.0,False,アマダ,プライム（内国株式）,機械
6118.T,257371150.0,252535700.0,False,アイダエンジニアリング,プライム（内国株式）,機械
6125.T,127654509.0234375,116442000.0,False,岡本工作機械製作所,スタンダード（内国株式）,機械
6134.T,5222117911.142578,5354993250.0,False,ＦＵＪＩ,プライム（内国株式）,機械
6135.T,2280342937.512207,2065032500.0,False,牧野フライス製作所,プライム（内国株式）,機械
6136.T,1278163480.0,1202120400.0,False,オーエスジー,プライム（内国株式）,機械
6137.T,38002160.0,33163950.0,True,小池酸素工業,スタンダード（内国株式）,機械
6138.T,25745460.0,23623650.0,True,ダイジェット工業,スタンダード（内国株式）,機械
6140.T,362387184.6191406,365554550.0,False,旭ダイヤモンド工業,プライム（内国株式）,機械
6141.T,3877795435.0,3741026600.0,False,ＤＭＧ森精機,プライム（内国株式）,機械
6143.T,901607700.0,536318150.0,False,ソディック,プライム（内国株式）,機械
6144.T,15755620.09765625,11943500.48828125,True,西部電機,スタンダード（内国株式）,機械
6145.T,293013049.3652344,247790800.0,False,ＮＩＴＴＯＫＵ,スタンダード（内国株式）,機械
6146.T,115690050878.82812,116024058000.0,False,ディスコ,プライム（内国株式）,機械
6149.T,20715380.0,19601700.0,True,小田原エンジニアリング,スタンダード（内国株式）,機械
6150.T,4367020.0,4054300.0,True,タケダ機械,スタンダード（内国株式）,機械
6151.T,30899915.434570312,32697400.0,True,日東工器,プライム（内国株式）,機械
6155.T,1939306.4050292969,1058850.0,True,高松機械工業,スタンダード（内国株式）,機械
6156.T,9376480.0,8867700.0,True,エーワン精密,スタンダード（内国株式）,機械
6157.T,57466889.34875488,51315150.0,True,日進工具,スタンダード（内国株式）,機械
6158.T,7859482.5732421875,2903850.0,True,和井田製作所,スタンダード（内国株式）,機械
6159.T,2312990.0,1977750.0,True,ミクロン精密,スタンダード（内国株式）,機械
6161.T,3870920.0,2729450.0,True,エスティック,スタンダード（内国株式）,機械
6165.T,37418213.47351074,40902950.0,True,パンチ工業,スタンダード（内国株式）,機械
6166.T,44210870.0,39793800.0,True,中村超硬,グロース（内国株式）,機械
6167.T,43704470.0,44018600.0,True,冨士ダイス,プライム（内国株式）,機械
6171.T,4666810.0,3420250.0,True,土木管理総合試験所,スタンダード（内国株式）,サービス業
6176.T,116730422.78320312,115973100.0,False,ブランジスタ,スタンダード（内国株式）,サービス業
6177.T,22114240.0,21624700.0,True,ＡｐｐＢａｎｋ,グロース（内国株式）,サービス業
6178.T,12875007421.828613,13136921725.0,False,日本郵政,プライム（内国株式）,サービス業
6180.T,3922650.0,3956000.0,True,ＧＭＯメディア,グロース（内国株式）,サービス業
6181.T,3586410.0,3152200.0,True,タメニー,グロース（内国株式）,サービス業
6182.T,16582410.0,12810150.0,True,メタリアル,グロース（内国株式）,サービス業
6183.T,443704440.0,453106200.0,False,ベルシステム２４ホールディングス,プライム（内国株式）,サービス業
6184.T,75549790.0,73552350.0,True,鎌倉新書,プライム（内国株式）,サービス業
6185.T,2160830.0,2350200.0,True,ＳＭＮ,スタンダード（内国株式）,サービス業
6186.T,551365.9979248047,427800.0,True,一蔵,スタンダード（内国株式）,サービス業
6189.T,16398229.10949707,7032350.0,True,グローバルキッズＣＯＭＰＡＮＹ,スタンダード（内国株式）,サービス業
618A.T,1388902200.0,852039000.0,False,ＫＯＭＰＥＩＴＯ,グロース（内国株式）,サービス業
6190.T,5933520.0,1735850.0,True,フェニックスバイオ,グロース（内国株式）,サービス業
6191.T,1020786796.1303711,985596200.0,False,エアトリ,プライム（内国株式）,サービス業
6193.T,85323530.0,20068200.0,True,バーチャレクス・ホールディングス,グロース（内国株式）,サービス業
6194.T,326779420.0,307115950.0,False,アトラエ,プライム（内国株式）,サービス業
6195.T,3021881.109313965,2824050.0,True,ホープ,グロース（内国株式）,サービス業
6196.T,531050106.06933594,486130750.0,False,ストライクグループ,プライム（内国株式）,サービス業
6198.T,628000.0,217250.0,True,キャリア,グロース（内国株式）,サービス業
6199.T,23013780.0,22824200.0,True,セラク,スタンダード（内国株式）,情報・通信業
619A.T,899783740.0,548486150.0,False,オリバー,スタンダード（内国株式）,その他製品
6200.T,471260921.07055664,306282800.0,False,インソース,プライム（内国株式）,サービス業
6203.T,3284384470.0,3327175300.0,False,豊和工業,スタンダード（内国株式）,機械
6208.T,354690420.0,351523000.0,False,石川製作所,スタンダード（内国株式）,機械
6209.T,315425368.22753906,275640750.0,False,リケンＮＰＲ,プライム（内国株式）,機械
6217.T,28195470.0,22704650.0,True,津田駒工業,スタンダード（内国株式）,機械
6218.T,3618680.0,2119200.0,True,エンシュウ,スタンダード（内国株式）,機械
621A.T,4913841230.0,1917351100.0,False,オーディオストック,グロース（内国株式）,サービス業
6222.T,152650864.03808594,146602500.0,False,島精機製作所,プライム（内国株式）,機械
6223.T,43392860.0,42302400.0,True,西部技研,スタンダード（内国株式）,機械
6224.T,23962190.0,21163950.0,True,ＪＲＣ,グロース（内国株式）,機械
6226.T,221846561.51611328,243254407.5805664,False,守谷輸送機工業,スタンダード（内国株式）,機械
6227.T,10309468800.0,9002468500.0,False,ＡＩメカテック,スタンダード（内国株式）,機械
6228.T,91874550.0,58354250.0,True,ジェイ・イー・ティ,スタンダード（内国株式）,機械
6229.T,15374380.0,14510400.0,True,オーケーエム,スタンダード（内国株式）,機械
622A.T,109298790.0,56845450.0,True,テクノクラフト,スタンダード（内国株式）,情報・通信業
6230.T,2123310.0,2150500.0,True,ＳＡＮＥＩ,スタンダード（内国株式）,機械
6231.T,218348600.0,214498000.0,False,木村工機,スタンダード（内国株式）,機械
6232.T,753768690.0,702792200.0,False,ＡＣＳＬ,グロース（内国株式）,機械
6233.T,1145700.0,558600.0,True,ＫＬＡＳＳ,スタンダード（内国株式）,機械
6235.T,1034970460.0,947659350.0,False,オプトラン,プライム（内国株式）,機械
6237.T,188616158.92578125,180068500.0,False,イワキポンプ,プライム（内国株式）,機械
6238.T,150824250.0,153437000.0,False,フリュー,プライム（内国株式）,機械
6239.T,7016310.0,5525400.0,True,ナガオカ,スタンダード（内国株式）,機械
623A.T,677458910.0,361453900.0,False,ベルテックス,スタンダード（内国株式）,不動産業
6240.T,184149697.6019287,180322288.00964355,False,ヤマシンフィルタ,プライム（内国株式）,機械
6245.T,74029404.79003906,57750100.0,True,ヒラノテクシード,スタンダード（内国株式）,機械
6246.T,10056946.54663086,9489800.0,True,テクノスマート,スタンダード（内国株式）,機械
6247.T,93322621.5234375,96603400.0,True,日阪製作所,プライム（内国株式）,機械
6248.T,1527390.0,884500.0,True,横田製作所,スタンダード（内国株式）,機械
6249.T,24120254.90234375,23069700.0,True,ゲームカードホールディングス,スタンダード（内国株式）,機械
6250.T,467750350.0,452243750.0,False,やまびこ,プライム（内国株式）,機械
6254.T,1924771614.0527344,1839511500.0,False,野村マイクロ・サイエンス,プライム（内国株式）,機械
6255.T,319023250.0,278599050.0,False,エヌ・ピー・シー,グロース（内国株式）,機械
6257.T,41652888.998413086,32244244.99206543,True,藤商事,スタンダード（内国株式）,機械
6258.T,1033550650.0,991986000.0,False,平田機工,プライム（内国株式）,機械
625A.T,13195729470.0,7841312050.0,False,Ｓｋｙｆａｌｌ,グロース（内国株式）,サービス業
6262.T,32270083.125,30643900.0,True,ＰＥＧＡＳＵＳ,スタンダード（内国株式）,機械
6264.T,1008308670.0,955388700.0,False,マルマエ,プライム（内国株式）,機械
6265.T,7348200.0,3212000.0,True,コンバム,スタンダード（内国株式）,機械
6266.T,975465950.0,1042137000.0,False,タツモ,プライム（内国株式）,機械
6267.T,3310200.0,1896750.0,True,ゼネラルパッカー,スタンダード（内国株式）,機械
6268.T,4217408040.0,4242226250.0,False,ナブテスコ,プライム（内国株式）,機械
6269.T,6220636290.0,6164018300.0,False,三井海洋開発,プライム（内国株式）,機械
6272.T,95529715.08300781,95383200.0,True,レオン自動機,プライム（内国株式）,機械
6273.T,23163060447.03125,22172603000.0,False,ＳＭＣ,プライム（内国株式）,機械
6276.T,7681970.0,5544650.0,True,シリウスビジョン,スタンダード（内国株式）,電気機器
6277.T,622684708.8427734,451391500.0,False,ホソカワミクロン,プライム（内国株式）,機械
6278.T,3872475700.0,3810981000.0,False,ユニオンツール,プライム（内国株式）,機械
6279.T,30040880.0,24367500.0,True,瑞光,プライム（内国株式）,機械
627A.T,28397506750.0,17968725950.0,False,ａｋｉｐｐａ,スタンダード（内国株式）,情報・通信業
6282.T,484012259.84375,241417850.0,False,オイレス工業,プライム（内国株式）,機械
6284.T,283553418.18359375,256517000.0,False,日精エー・エス・ビー機械,プライム（内国株式）,機械
6286.T,3924052.012939453,2712850.0,True,靜甲,スタンダード（内国株式）,機械
6287.T,314109974.0917969,289783650.0,False,サトー,プライム（内国株式）,機械
6289.T,168763030.0,157053650.0,False,技研製作所,プライム（内国株式）,機械
6291.T,30659270.0,27642800.0,True,日本エアーテック,スタンダード（内国株式）,機械
6292.T,3460981.9970703125,2913800.0,True,カワタ,スタンダード（内国株式）,機械
6294.T,43264637.795410156,25168000.0,True,オカダアイヨン,プライム（内国株式）,機械
6298.T,126298443.93554688,121879500.0,False,ワイエイシイホールディングス,プライム（内国株式）,機械
6301.T,28115936484.501953,26458656550.0,False,小松製作所,プライム（内国株式）,機械
6302.T,5780932690.0,5631996300.0,False,住友重機械工業,プライム（内国株式）,機械
6305.T,6064352668.276367,6241887750.0,False,日立建機,プライム（内国株式）,機械
6306.T,106624399.32006836,95785896.6003418,True,日工,プライム（内国株式）,機械
6307.T,2804720.0,2165350.0,True,サンセイ,スタンダード（内国株式）,機械
6309.T,295019880.0,280519200.0,False,巴工業,プライム（内国株式）,機械
6310.T,159688900.0,156843200.0,False,井関農機,プライム（内国株式）,機械
6315.T,8177231340.0,7965983300.0,False,ＴＯＷＡ,プライム（内国株式）,機械
6316.T,28768995.112304688,28314100.0,True,丸山製作所,スタンダード（内国株式）,機械
6317.T,198536576.640625,177270900.0,False,北川鉄工所,スタンダード（内国株式）,機械
6322.T,1703560.0,1116700.0,True,タクミナ,スタンダード（内国株式）,機械
6323.T,6830659660.0,6230066700.0,False,ローツェ,プライム（内国株式）,機械
6324.T,5198932631.25,4961687156.25,False,ハーモニック・ドライブ・システムズ,プライム（内国株式）,機械
6325.T,3461444.70703125,2609600.0,True,タカキタ,スタンダード（内国株式）,機械
6326.T,12700234325.0,12638606150.0,False,クボタ,プライム（内国株式）,機械
6327.T,591696600.0,573033000.0,False,北川精機,スタンダード（内国株式）,機械
6328.T,192332960.0,182358100.0,False,荏原実業,プライム（内国株式）,機械
6330.T,11428582620.0,10799530500.0,False,東洋エンジニアリング,プライム（内国株式）,建設業
6331.T,855994694.6899414,643860000.0,False,三菱化工機,プライム（内国株式）,機械
6332.T,785741404.7021484,726381400.0,False,月島ホールディングス,プライム（内国株式）,機械
6333.T,149988234.11132812,125458000.0,False,ＴＥＩＫＯＫＵ,プライム（内国株式）,機械
6334.T,1033770.0,760000.0,True,明治機械,スタンダード（内国株式）,機械
6335.T,7123230.0,4689350.0,True,東京機械製作所,スタンダード（内国株式）,機械
6336.T,110544000.0,82473100.0,True,石井表記,スタンダード（内国株式）,機械
6337.T,181354286.92626953,170115000.0,False,テセック,スタンダード（内国株式）,機械
6338.T,24103424.897460938,21588850.0,True,タカトリ,スタンダード（内国株式）,機械
6339.T,263713618.5546875,243747850.0,False,新東工業,プライム（内国株式）,機械
6340.T,319233200.0,317799000.0,False,澁谷工業,プライム（内国株式）,機械
6342.T,829090.3759765625,715900.0,True,太平製作所,スタンダード（内国株式）,機械
6343.T,6310930.0,6317450.0,True,フリージア・マクロス,スタンダード（内国株式）,機械
6345.T,227872974.94506836,224840000.0,False,アイチ　コーポレーション,プライム（内国株式）,機械
6346.T,1559800.0,836500.0,True,キクカワエンタープライズ,スタンダード（内国株式）,機械
6347.T,4842060.0,1739500.0,True,プラコー,スタンダード（内国株式）,機械
6349.T,348244037.7050781,285934500.0,False,小森コーポレーション,プライム（内国株式）,機械
634A.T,10241319820.0,6927060050.0,False,レイヤード,スタンダード（内国株式）,情報・通信業
6351.T,153448753.44726562,163052600.0,False,鶴見製作所,プライム（内国株式）,機械
6356.T,244279517.265625,211146486.328125,False,日本ギア工業,スタンダード（内国株式）,機械
6357.T,64528578.056640625,64380200.0,True,三精テクノロジーズ,スタンダード（内国株式）,機械
6358.T,57959206.62109375,45456983.10546875,True,酒井重工業,プライム（内国株式）,機械
6360.T,2863500.0,2188500.0,True,東京自働機械製作所,スタンダード（内国株式）,機械
6361.T,13995142140.0,13907411500.0,False,荏原製作所,プライム（内国株式）,機械
6363.T,451452447.8466797,431413089.23339844,False,酉島製作所,プライム（内国株式）,機械
6364.T,143663661.484375,124754750.0,False,ＡＩＲＭＡＮ,プライム（内国株式）,機械
6365.T,4096332.2314453125,3082500.0,True,電業社機械製作所,スタンダード（内国株式）,機械
6366.T,1397414460.0,1347241600.0,False,千代田化工建設,スタンダード（内国株式）,建設業
6367.T,23811221264.6875,24526686750.0,False,ダイキン工業,プライム（内国株式）,機械
6368.T,3669737060.554199,3653828875.0,False,オルガノ,プライム（内国株式）,機械
6369.T,186887713.62304688,184202300.0,False,トーヨーカネツ,プライム（内国株式）,機械
6370.T,3894974177.294922,3916140100.0,False,栗田工業,プライム（内国株式）,機械
6371.T,571345785.6835938,553983978.4179688,False,椿本チエイン,プライム（内国株式）,機械
6376.T,1541926200.0,1323094250.0,False,日機装,プライム（内国株式）,精密機器
6378.T,96420290.0,87429500.0,True,木村化工機,スタンダード（内国株式）,機械
6379.T,659929371.3665771,449224750.0,False,レイズネクスト,プライム（内国株式）,建設業
6380.T,26766929.36767578,21934000.0,True,オリエンタルチエン工業,スタンダード（内国株式）,機械
6381.T,153502924.78515625,153949050.0,False,アネスト岩田,プライム（内国株式）,機械
6382.T,29733160.388183594,28271600.0,True,トリニティ工業,スタンダード（内国株式）,機械
6383.T,10715347000.0,10315628400.0,False,ダイフク,プライム（内国株式）,機械
6384.T,11136120.0,11234150.0,True,昭和真空,スタンダード（内国株式）,機械
6387.T,1192904800.0,1126414000.0,False,サムコ,プライム（内国株式）,機械
6390.T,70049184.09179688,63827800.0,True,加藤製作所,プライム（内国株式）,機械
6391.T,14127600.0,8925000.0,True,加地テック,スタンダード（内国株式）,機械
6392.T,7048644.6630859375,2365723.3154296875,True,ヤマダコーポレーション,スタンダード（内国株式）,機械
6393.T,3694814.5385742188,3319000.0,True,油研工業,スタンダード（内国株式）,機械
6395.T,464537910.0,446390400.0,False,タダノ,プライム（内国株式）,機械
6396.T,93400.0,0.0,True,宇野澤組鐵工所,スタンダード（内国株式）,機械
6400.T,12334340.0,7659200.0,True,不二精機,スタンダード（内国株式）,機械
6402.T,2553890.0,2208600.0,True,兼松エンジニアリング,スタンダード（内国株式）,機械
6405.T,29317949.750976562,22528300.0,True,鈴茂器工,スタンダード（内国株式）,機械
6407.T,3614028000.0,3214546500.0,False,ＣＫＤ,プライム（内国株式）,機械
6408.T,1516150.0,848000.0,True,小倉クラッチ,スタンダード（内国株式）,機械
6412.T,934505572.5,705680600.0,False,平和,プライム（内国株式）,機械
6413.T,85130530.0,88958700.0,True,理想科学工業,プライム（内国株式）,機械
6417.T,2098701665.703125,1978305228.515625,False,ＳＡＮＫＹＯ,プライム（内国株式）,機械
6418.T,195255308.17871094,190306400.0,False,日本金銭機械,プライム（内国株式）,機械
6419.T,225641488.02490234,181108440.12451172,False,マースグループホールディングス,プライム（内国株式）,機械
6420.T,192597750.0,162758000.0,False,ガリレイホールディングス,プライム（内国株式）,機械
6424.T,1294160.0,929800.0,True,高見沢サイバネティックス,スタンダード（内国株式）,機械
6425.T,141253770.0,147448800.0,False,ユニバーサルエンターテインメント,スタンダード（内国株式）,機械
6428.T,2259490.0,2060000.0,True,オーイズミ,スタンダード（内国株式）,機械
6430.T,119782301.66748047,113611900.0,False,ダイコク電機,プライム（内国株式）,機械
6432.T,1346204400.0,1284991000.0,False,竹内製作所,プライム（内国株式）,機械
6433.T,484556520.0,388828900.0,False,ヒーハイスト,スタンダード（内国株式）,機械
6436.T,1173728692.3339844,1153183300.0,False,アマノ,プライム（内国株式）,機械
6440.T,349811070.0,271596250.0,False,ＪＵＫＩ,プライム（内国株式）,機械
6444.T,18199170.0,14502850.0,True,サンデン,スタンダード（内国株式）,機械
6445.T,60542249.41894531,62728200.0,True,ジャノメ,プライム（内国株式）,機械
6448.T,5268097358.793945,5130636350.0,False,ブラザー工業,プライム（内国株式）,電気機器
6454.T,443439850.0,445406500.0,False,マックス,プライム（内国株式）,機械
6455.T,182099010.68603516,179224600.0,False,モリタホールディングス,プライム（内国株式）,輸送用機器
6457.T,923281247.7294922,853617700.0,False,グローリー,プライム（内国株式）,機械
6458.T,258712326.15722656,262166500.0,False,新晃工業,プライム（内国株式）,機械
6459.T,116159480.0,110994150.0,False,だいわ,プライム（内国株式）,機械
6460.T,3510536278.5253906,3474036350.0,False,セガサミーホールディングス,プライム（内国株式）,機械
6463.T,174793308.7890625,164293350.0,False,ＴＰＲ,プライム（内国株式）,機械
6464.T,84301690.0,87531000.0,True,ツバキ・ナカシマ,プライム（内国株式）,機械
6465.T,1998612050.0,2079470700.0,False,ホシザキ,プライム（内国株式）,機械
6466.T,35990260.849609375,36568000.0,True,ＴＶＥ,スタンダード（内国株式）,機械
6467.T,1192860.1623535156,1062150.8117675781,True,ニチダイ,スタンダード（内国株式）,機械
6469.T,551332210.0,159179500.0,False,放電精密加工研究所,スタンダード（内国株式）,機械
6470.T,63271810.0,64104100.0,True,大豊工業,スタンダード（内国株式）,機械
6471.T,2256176665.0,2090758000.0,False,日本精工,プライム（内国株式）,機械
6472.T,1018165413.6328125,1010758176.0162354,False,ＮＴＮ,プライム（内国株式）,機械
6473.T,2390809503.7597656,2291469600.0,False,ジェイテクト,プライム（内国株式）,機械
6474.T,1034452300.0,568529500.0,False,不二越,プライム（内国株式）,機械
6479.T,11081617878.591309,10348107200.0,False,ミネベアミツミ,プライム（内国株式）,電気機器
6480.T,1171820985.7788086,1168483000.0,False,日本トムソン,プライム（内国株式）,機械
6481.T,6000177210.0,5721587200.0,False,ＴＨＫ,プライム（内国株式）,機械
6482.T,56283580.0,56079350.0,True,ＹＵＳＨＩＮ,スタンダード（内国株式）,機械
6484.T,2850786.1059570312,2758800.0,True,ＫＶＫ,スタンダード（内国株式）,機械
6485.T,55730969.08569336,40586900.0,True,前澤給装工業,スタンダード（内国株式）,機械
6488.T,19983650.0,10728150.0,True,ヨシタケ,スタンダード（内国株式）,機械
6490.T,1709171900.0,1559624500.0,False,ＰＩＬＬＡＲ,プライム（内国株式）,機械
6492.T,265891218.1640625,249230500.0,False,岡野バルブ製造,スタンダード（内国株式）,機械
6493.T,28522601.947021484,24919500.0,True,ＮＩＴＴＡＮ,スタンダード（内国株式）,輸送用機器
6494.T,14236200.0,8675000.0,True,ＮＦＫホールディングス,スタンダード（内国株式）,機械
6495.T,27412700.0,18972300.0,True,宮入バルブ製作所,スタンダード（内国株式）,機械
6496.T,57485000.0,57168000.0,True,中北製作所,スタンダード（内国株式）,機械
6497.T,6900730.0,5520700.0,True,ハマイ,スタンダード（内国株式）,機械
6498.T,697239930.0,620714600.0,False,キッツ,プライム（内国株式）,機械
6501.T,59440762742.509766,57449790900.0,False,日立製作所,プライム（内国株式）,電気機器
6503.T,32267512641.591797,33058915800.0,False,三菱電機,プライム（内国株式）,電気機器
6504.T,10189519506.123047,10497507000.0,False,富士電機,プライム（内国株式）,電気機器
6505.T,85626210.0,80588000.0,True,東洋電機製造,スタンダード（内国株式）,電気機器
6506.T,16634180820.0,16742803250.0,False,安川電機,プライム（内国株式）,電気機器
6507.T,2840985500.0,2428424500.0,False,シンフォニアテクノロジー,プライム（内国株式）,電気機器
6508.T,2371820832.8710938,2251187500.0,False,明電舎,プライム（内国株式）,電気機器
6513.T,14342822.663574219,11966650.0,True,オリジン,スタンダード（内国株式）,電気機器
6516.T,549061491.6992188,534774500.0,False,山洋電気,プライム（内国株式）,電気機器
6517.T,326195774.4213867,238901250.0,False,デンヨー,プライム（内国株式）,電気機器
6518.T,10168180.0,9689800.0,True,三相電機,スタンダード（内国株式）,電気機器
6521.T,419668100.0,424873500.0,False,オキサイド,グロース（内国株式）,電気機器
6522.T,542412000.0,476338500.0,False,アスタリスク,グロース（内国株式）,電気機器
6523.T,3300107671.569824,2228591700.0,False,ＰＨＣホールディングス,プライム（内国株式）,電気機器
6524.T,1209249700.0,1173654000.0,False,湖北工業,スタンダード（内国株式）,電気機器
6525.T,82786248945.11719,57812424800.0,False,ＫＯＫＵＳＡＩ　ＥＬＥＣＴＲＩＣ,プライム（内国株式）,電気機器
6526.T,11757968399.628906,11260987500.0,False,ソシオネクスト,プライム（内国株式）,電気機器
6532.T,9232910260.0,8463633550.0,False,ベイカレント,プライム（内国株式）,サービス業
6533.T,457806770.0,268347300.0,False,Ｏｒｃｈｅｓｔｒａ　Ｈｏｌｄｉｎｇｓ,プライム（内国株式）,サービス業
6535.T,93845040.0,99255750.0,True,アイモバイル,プライム（内国株式）,サービス業
6537.T,78908070.0,14365000.0,True,ＷＡＳＨハウス,グロース（内国株式）,サービス業
6538.T,7410360.0,5554200.0,True,ディスラプターズ,スタンダード（内国株式）,サービス業
6539.T,35859270.0,34686150.0,True,ＭＳ－Ｊａｐａｎ,プライム（内国株式）,サービス業
6540.T,30269810.0,29456400.0,True,船場,スタンダード（内国株式）,サービス業
6543.T,1721130.0,1610150.0,True,日宣,スタンダード（内国株式）,サービス業
6544.T,960535280.0,925638750.0,False,ジャパンエレベーターサービスホールディングス,プライム（内国株式）,サービス業
6545.T,12814440.0,10568650.0,True,インターネットインフィニティー,グロース（内国株式）,サービス業
6546.T,1314180.0,768200.0,True,フルテック,スタンダード（内国株式）,サービス業
6547.T,77524500.0,68906100.0,True,グリーンズ,スタンダード（内国株式）,サービス業
6548.T,2801760.0,1664950.0,True,旅工房,グロース（内国株式）,サービス業
6549.T,3726704.35546875,3512475.0,True,ディーエムソリューションズ,スタンダード（内国株式）,サービス業
6551.T,18715458.84765625,9066450.0,True,ツナググループ・ホールディングス,スタンダード（内国株式）,サービス業
6552.T,4121690.0,3050450.0,True,ＧａｍｅＷｉｔｈ,スタンダード（内国株式）,サービス業
6554.T,25261834.677734375,24504250.0,True,エスユーエス,グロース（内国株式）,サービス業
6555.T,1043400.0,637800.0,True,ＭＳ＆Ｃｏｎｓｕｌｔｉｎｇ,スタンダード（内国株式）,サービス業
6557.T,30855860.0,20714400.0,True,ＡＩＡＩグループ,グロース（内国株式）,サービス業
6558.T,938760.0,400000.0,True,クックビズ,グロース（内国株式）,サービス業
6560.T,26838420.0,28017150.0,True,エル・ティー・エス,プライム（内国株式）,サービス業
6561.T,7467190.0,6732400.0,True,ＨＡＮＡＴＯＵＲ　ＪＡＰＡＮ,グロース（内国株式）,サービス業
6562.T,24334050.0,17448500.0,True,ジーニー,グロース（内国株式）,サービス業
6563.T,1892600.0,1792900.0,True,みらいワークス,グロース（内国株式）,サービス業
6564.T,121049830.0,104228150.0,False,ミダックホールディングス,プライム（内国株式）,サービス業
6566.T,1851750.0,1383550.0,True,要興業,スタンダード（内国株式）,サービス業
6568.T,3357508.6560058594,3238143.280029297,True,神戸天然物化学,グロース（内国株式）,サービス業
6570.T,362317513.1542969,301850000.0,False,共和コーポレーション,スタンダード（内国株式）,サービス業
6571.T,47608890.0,39409900.0,True,キュービーネットホールディングス,プライム（内国株式）,サービス業
6572.T,37687140.0,35046100.0,True,オープングループ,プライム（内国株式）,サービス業
6573.T,8091570.0,5553800.0,True,ＣＲＡＶＩＡ,グロース（内国株式）,サービス業
6574.T,122298840.0,92357400.0,True,コンヴァノ,グロース（内国株式）,サービス業
6577.T,10238540.0,12139350.0,True,ベストワンドットコム,グロース（内国株式）,サービス業
6578.T,1427340.0,1089850.0,True,コレックホールディングス,スタンダード（内国株式）,サービス業
6579.T,833850.0,757200.0,True,ログリー,グロース（内国株式）,サービス業
6580.T,10191130.0,9137350.0,True,ライトアップ,グロース（内国株式）,サービス業
6584.T,250459471.34643555,257272650.0,False,三櫻工業,プライム（内国株式）,輸送用機器
6586.T,4710292538.623047,4622301950.0,False,マキタ,プライム（内国株式）,機械
6588.T,446881322.17041016,457844010.8520508,False,東芝テック,プライム（内国株式）,電気機器
6590.T,5657519700.0,4858642250.0,False,芝浦メカトロニクス,プライム（内国株式）,電気機器
6592.T,1657615865.0,1634591800.0,False,マブチモーター,プライム（内国株式）,電気機器
6594.T,48172054550.0,46449330750.0,False,ニデック,プライム（内国株式）,電気機器
6597.T,301219850.0,276636000.0,False,ＨＰＣシステムズ,グロース（内国株式）,電気機器
6599.T,67226200.0,66407750.0,True,エブレン,スタンダード（内国株式）,電気機器
6612.T,2022680.0,1819050.0,True,バルミューダ,グロース（内国株式）,電気機器
6613.T,4738680050.0,4617000450.0,False,ＱＤレーザ,グロース（内国株式）,電気機器
6614.T,6810980.0,5226400.0,True,シキノハイテック,スタンダード（内国株式）,電気機器
6615.T,13542520.0,9578850.0,True,ユー・エム・シー・エレクトロニクス,スタンダード（内国株式）,電気機器
6616.T,165671361.79077148,146501200.0,False,トレックス・セミコンダクター,プライム（内国株式）,電気機器
6617.T,727229137.2851562,711493500.0,False,東光高岳,プライム（内国株式）,電気機器
6619.T,276047910.0,286956250.0,False,ダブル・スコープ,プライム（内国株式）,電気機器
6620.T,35684100.0,30199250.0,True,宮越ホールディングス,プライム（内国株式）,不動産業
6622.T,2922828134.057617,2960531000.0,False,ダイヘン,プライム（内国株式）,電気機器
6625.T,187904090.0,118357950.0,False,ＪＡＬＣＯホールディングス,スタンダード（内国株式）,不動産業
6626.T,41682110.0,33559800.0,True,ＳＥＭＩＴＥＣ,スタンダード（内国株式）,電気機器
6627.T,1176780300.0,1110825750.0,False,テラプローブ,スタンダード（内国株式）,電気機器
6629.T,134740330.0,97636000.0,True,テクノホライゾン,スタンダード（内国株式）,電気機器
6630.T,53593190.0,56203700.0,True,ヤーマン,プライム（内国株式）,電気機器
6632.T,1365481034.790039,1331281875.0,False,ＪＶＣケンウッド,プライム（内国株式）,電気機器
6633.T,2599870.0,2598400.0,True,ＣＧＳホールディングス,スタンダード（内国株式）,電気機器
6634.T,3353790.0,3032000.0,True,ＪＮグループ,スタンダード（内国株式）,電気機器
6635.T,4599430.0,3513700.0,True,大日光・エンジニアリング,スタンダード（内国株式）,電気機器
6637.T,102098598.1640625,104110400.0,False,寺崎電気産業,スタンダード（内国株式）,電気機器
6638.T,329849249.9707031,323315724.8535156,False,ミマキエンジニアリング,プライム（内国株式）,電気機器
6643.T,23619880.234375,17596500.0,True,戸上電機製作所,スタンダード（内国株式）,電気機器
6644.T,504255247.40478516,348016300.0,False,大崎電気工業,プライム（内国株式）,電気機器
6645.T,7783233420.0,7813365450.0,False,オムロン,プライム（内国株式）,電気機器
6647.T,6185150.0,4949000.0,True,森尾電機,スタンダード（内国株式）,電気機器
6648.T,70153496.68945312,55830200.0,True,かわでん,スタンダード（内国株式）,電気機器
6651.T,318464750.60058594,302256800.0,False,日東工業,プライム（内国株式）,電気機器
6652.T,699565798.8110352,553139750.0,False,ＩＤＥＣ,プライム（内国株式）,電気機器
6653.T,102289080.0,94867150.0,True,正興電機製作所,プライム（内国株式）,電気機器
6654.T,8086450.0,4794050.0,True,不二電機工業,スタンダード（内国株式）,電気機器
6656.T,21131240.0,18485750.0,True,インスペック,スタンダード（内国株式）,電気機器
6658.T,17415300.0,15238950.0,True,シライ電子工業,スタンダード（内国株式）,電気機器
6659.T,144013730.0,139267150.0,False,メディアリンクス,スタンダード（内国株式）,電気機器
6662.T,2618180.0,749300.0,True,ユビテック,スタンダード（内国株式）,電気機器
6663.T,16485110.0,2577500.0,True,太洋テクノレックス,スタンダード（内国株式）,電気機器
6664.T,33263250.0,3809350.0,True,オプトエレクトロニクス,スタンダード（内国株式）,電気機器
6666.T,35176068.95996094,34704600.0,True,リバーエレテック,スタンダード（内国株式）,電気機器
6668.T,429875650.0,404177000.0,False,アドテック　プラズマ　テクノロジー,スタンダード（内国株式）,電気機器
6674.T,3691551440.0,3471925600.0,False,ジーエス・ユアサ　コーポレーション,プライム（内国株式）,電気機器
6675.T,63559599.70703125,53687250.0,True,サクサ,スタンダード（内国株式）,電気機器
6676.T,321474653.4472656,251201000.0,False,ＢＵＦＦＡＬＯ,スタンダード（内国株式）,電気機器
6677.T,271644470.8886719,240854500.0,False,エスケーエレクトロニクス,スタンダード（内国株式）,電気機器
6678.T,30569590.0,27623200.0,True,テクノメディカ,スタンダード（内国株式）,電気機器
6694.T,4417660.0,3904200.0,True,ズーム,スタンダード（内国株式）,電気機器
6696.T,3892060.0,4307750.0,True,トラース・オン・プロダクト,グロース（内国株式）,電気機器
6699.T,43632188.03833008,35693650.0,True,ダイヤモンドエレクトリックホールディングス,スタンダード（内国株式）,電気機器
6701.T,24528022527.70508,23216814600.0,False,日本電気,プライム（内国株式）,電気機器
6702.T,26045759558.027344,25814283450.0,False,富士通,プライム（内国株式）,電気機器
6703.T,1595241110.0,1420160450.0,False,沖電気工業,プライム（内国株式）,電気機器
6706.T,73301755.57373047,66400000.0,True,電気興業,プライム（内国株式）,電気機器
6707.T,1375379940.0,1309370500.0,False,サンケン電気,プライム（内国株式）,電気機器
6718.T,93131599.71191406,96483950.0,True,アイホン,プライム（内国株式）,電気機器
6721.T,193649740.0,39794050.0,True,ウインテスト,スタンダード（内国株式）,電気機器
6723.T,44107166740.0,38753388700.0,False,ルネサスエレクトロニクス,プライム（内国株式）,電気機器
6724.T,4623629969.609375,4577091648.046875,False,セイコーエプソン,プライム（内国株式）,電気機器
6727.T,681752169.4537354,653007800.0,False,ワコム,プライム（内国株式）,電気機器
6728.T,4015246240.0,3725542200.0,False,アルバック,プライム（内国株式）,電気機器
6730.T,569943970.0,344793800.0,False,アクセル,スタンダード（内国株式）,電気機器
6731.T,9129260.0,9237750.0,True,ピクセラ,スタンダード（内国株式）,電気機器
6736.T,353258000.0,346131500.0,False,サン電子,スタンダード（内国株式）,電気機器
6737.T,405171578.14453125,382793750.0,False,ＥＩＺＯ,プライム（内国株式）,電気機器
6740.T,1009241090.0,992826100.0,False,ジャパンディスプレイ,プライム（内国株式）,電気機器
6741.T,239283252.8515625,237910850.0,False,日本信号,プライム（内国株式）,電気機器
6742.T,285495303.03222656,292249150.0,False,京三製作所,プライム（内国株式）,電気機器
6743.T,12002900.0,9213450.0,True,大同信号,スタンダード（内国株式）,電気機器
6744.T,312885690.52734375,295193352.63671875,False,能美防災,プライム（内国株式）,電気機器
6745.T,287109983.06152344,294140700.0,False,ホーチキ,プライム（内国株式）,電気機器
6748.T,8795830.0,7533800.0,True,星和電機,スタンダード（内国株式）,電気機器
6750.T,355319755.48706055,357494650.0,False,エレコム,プライム（内国株式）,電気機器
6752.T,36786176220.67871,36536493600.0,False,パナソニック　ホールディングス,プライム（内国株式）,電気機器
6753.T,2061647491.4154053,2134465043.5272217,False,シャープ,プライム（内国株式）,電気機器
6754.T,4047790518.4375,3866526042.1875,False,アンリツ,プライム（内国株式）,電気機器
6757.T,4265880.0,3532550.0,True,ＯＳＧコーポレーション,スタンダード（内国株式）,電気機器
6758.T,50813822127.67578,50786018300.0,False,ソニーグループ,プライム（内国株式）,電気機器
6762.T,50533740340.30029,43252938650.0,False,ＴＤＫ,プライム（内国株式）,電気機器
6763.T,70757902.41699219,63991812.08496094,True,帝国通信工業,プライム（内国株式）,電気機器
6768.T,1165098266.7425537,832559100.0,False,タムラ製作所,プライム（内国株式）,電気機器
6769.T,76460330.0,66091300.0,True,ザインエレクトロニクス,スタンダード（内国株式）,電気機器
6770.T,3324143921.328125,3291979425.0,False,アルプスアルパイン,プライム（内国株式）,電気機器
6771.T,8989800.0,5572350.0,True,池上通信機,スタンダード（内国株式）,電気機器
6772.T,1184700.0,760500.0,True,東京コスモス電機,スタンダード（内国株式）,電気機器
6775.T,67645070.0,15318350.0,True,ＴＢグループ,スタンダード（内国株式）,電気機器
6776.T,7688590.0,6744400.0,True,天昇電気工業,スタンダード（内国株式）,化学
6777.T,3168929805.3710938,2809388500.0,False,ｓａｎｔｅｃ　Ｈｏｌｄｉｎｇｓ,スタンダード（内国株式）,電気機器
6778.T,4408120.0,3735550.0,True,アルチザネットワークス,スタンダード（内国株式）,電気機器
6779.T,1934198425.5908203,1896724750.0,False,日本電波工業,プライム（内国株式）,電気機器
6785.T,267932400.0,234534000.0,False,鈴木,プライム（内国株式）,電気機器
6786.T,1794370.0,857000.0,True,ＲＶＨ,スタンダード（内国株式）,サービス業
6787.T,18615468496.289062,16293478981.445312,False,メイコー,プライム（内国株式）,電気機器
6788.T,66455800.0,65814000.0,True,日本トリム,プライム（内国株式）,電気機器
6794.T,533311859.1796875,457310000.0,False,フォスター電機,プライム（内国株式）,電気機器
6797.T,7066510.0,4067000.0,True,名古屋電機工業,スタンダード（内国株式）,電気機器
6798.T,44462798.095703125,36931000.0,True,ＳＭＫ,プライム（内国株式）,電気機器
6800.T,778880633.7207031,792220250.0,False,ヨコオ,プライム（内国株式）,電気機器
6803.T,29846390.0,27743650.0,True,ティアック,スタンダード（内国株式）,電気機器
6804.T,709427033.0517578,689544900.0,False,ホシデン,プライム（内国株式）,電気機器
6806.T,3285178526.7578125,3268834500.0,False,ヒロセ電機,プライム（内国株式）,電気機器
6807.T,1066960334.4287109,950658100.0,False,日本航空電子工業,プライム（内国株式）,電気機器
6809.T,169977608.046875,153397700.0,False,ＴＯＡ,プライム（内国株式）,電気機器
6810.T,379430731.171875,363294350.0,False,マクセル,プライム（内国株式）,電気機器
6814.T,2887534300.0,2419602000.0,False,古野電気,プライム（内国株式）,電気機器
6817.T,190140760.0,179239850.0,False,スミダコーポレーション,プライム（内国株式）,電気機器
6819.T,6581110.0,4954250.0,True,伊豆シャボテンリゾート,スタンダード（内国株式）,サービス業
6820.T,65067723.203125,66234000.0,True,アイコム,プライム（内国株式）,電気機器
6822.T,23869331.982421875,19211500.0,True,大井電気,スタンダード（内国株式）,電気機器
6823.T,154812673.13232422,144521750.0,False,リオン,プライム（内国株式）,電気機器
6824.T,32570750.0,25731750.0,True,新コスモス電機,スタンダード（内国株式）,電気機器
6832.T,130816417.78320312,88929000.0,True,アオイ電子,スタンダード（内国株式）,電気機器
6834.T,4923703006.591797,4764798500.0,False,精工技研,スタンダード（内国株式）,電気機器
6835.T,100356370.0,43840400.0,True,アライドテレシスホールディングス,スタンダード（内国株式）,電気機器
6836.T,18378700.0,16613700.0,True,ぷらっとホーム,スタンダード（内国株式）,電気機器
6837.T,31512620.0,26910500.0,True,京写,スタンダード（内国株式）,電気機器
6838.T,170277420.0,168960000.0,False,多摩川ホールディングス,スタンダード（内国株式）,電気機器
6840.T,298246880.0,237649300.0,False,ＡＫＩＢＡホールディングス,スタンダード（内国株式）,電気機器
6841.T,5383584567.832031,5138445600.0,False,横河電機,プライム（内国株式）,電気機器
6844.T,187120540.0,178776000.0,False,新電元工業,プライム（内国株式）,電気機器
6845.T,2203142393.918457,2273966375.0,False,アズビル,プライム（内国株式）,電気機器
6848.T,19723400.0,4179750.0,True,東亜ディーケーケー,スタンダード（内国株式）,電気機器
6849.T,987269036.7138672,980454700.0,False,日本光電工業,プライム（内国株式）,電気機器
6850.T,57271009.921875,55390800.0,True,チノー,プライム（内国株式）,電気機器
6853.T,15256630.0,11494100.0,True,共和電業,スタンダード（内国株式）,電気機器
6855.T,4480776024.7265625,4467530000.0,False,日本電子材料,スタンダード（内国株式）,電気機器
6856.T,5976110900.0,6156661500.0,False,堀場製作所,プライム（内国株式）,電気機器
6857.T,536783810200.0,576220446500.0,False,アドバンテスト,プライム（内国株式）,電気機器
6858.T,28831630.0,27227300.0,True,小野測器,スタンダード（内国株式）,電気機器
6859.T,342813518.3496094,237139500.0,False,エスペック,プライム（内国株式）,電気機器
6861.T,44285188300.0,41720661000.0,False,キーエンス,プライム（内国株式）,電気機器
6862.T,1092121455.7373047,961152000.0,False,ミナトホールディングス,スタンダード（内国株式）,電気機器
6863.T,178678435.60791016,144462378.03955078,False,ニレコ,スタンダード（内国株式）,電気機器
6864.T,30271720.0,24886500.0,True,エヌエフホールディングス,スタンダード（内国株式）,電気機器
6866.T,540992800.0,486529500.0,False,日置電機,プライム（内国株式）,電気機器
6867.T,1536200.0,1106800.0,True,リーダー電子,スタンダード（内国株式）,電気機器
6869.T,5116813002.29248,4971141250.0,False,シスメックス,プライム（内国株式）,電気機器
6870.T,4210360.0,5057400.0,True,日本フェンオール,スタンダード（内国株式）,電気機器
6871.T,18889450500.0,16551980000.0,False,日本マイクロニクス,プライム（内国株式）,電気機器
6874.T,6440530.0,4689000.0,True,協立電機,スタンダード（内国株式）,電気機器
6875.T,1262617900.0,1307724500.0,False,メガチップス,プライム（内国株式）,電気機器
6877.T,471228300.0,442094000.0,False,ＯＢＡＲＡ　ＧＲＯＵＰ,スタンダード（内国株式）,電気機器
6882.T,35713117.65625,31211150.0,True,三社電機製作所,スタンダード（内国株式）,電気機器
6888.T,10850600.0,10200750.0,True,アクモス,スタンダード（内国株式）,情報・通信業
6890.T,12703011000.0,11213440000.0,False,フェローテック,スタンダード（内国株式）,電気機器
6894.T,2030530.0,2052350.0,True,パルステック工業,スタンダード（内国株式）,電気機器
6897.T,24319700.0,20658950.0,True,ツインバード,スタンダード（内国株式）,電気機器
6898.T,5873700.0,4702500.0,True,トミタ電機,スタンダード（内国株式）,電気機器
6899.T,14647500.0,16500400.0,True,ＡＳＴＩ,スタンダード（内国株式）,電気機器
6902.T,15185067924.099121,14227444875.0,False,デンソー,プライム（内国株式）,輸送用機器
6904.T,1109928910.0,694055250.0,False,原田工業,スタンダード（内国株式）,電気機器
6905.T,441449990.0,428012550.0,False,コーセル,プライム（内国株式）,電気機器
6907.T,19440250.0,11328600.0,True,ジオマテック,スタンダード（内国株式）,電気機器
6908.T,730329710.0,580113400.0,False,イリソ電子工業,プライム（内国株式）,電気機器
6912.T,40603700.0,41382450.0,True,菊水ホールディングス,スタンダード（内国株式）,電気機器
6914.T,547662100.0,515258250.0,False,オプテックスグループ,プライム（内国株式）,電気機器
6915.T,56513750.0,55102000.0,True,千代田インテグレ,スタンダード（内国株式）,電気機器
6918.T,211699007.25830078,204201900.0,False,アバールデータ,スタンダード（内国株式）,電気機器
6919.T,14153342.83203125,10042950.0,True,ケル,スタンダード（内国株式）,電気機器
6920.T,198935737900.0,190956695000.0,False,レーザーテック,プライム（内国株式）,電気機器
6923.T,1393944000.0,1379824800.0,False,スタンレー電気,プライム（内国株式）,電気機器
6925.T,1808930420.0,1853564000.0,False,ウシオ電機,プライム（内国株式）,電気機器
6926.T,2782360.0,1767950.0,True,岡谷電機産業,スタンダード（内国株式）,電気機器
6927.T,35806490.0,36840300.0,True,ヘリオス　テクノ　ホールディング,スタンダード（内国株式）,電気機器
6928.T,132110366.37939453,128912250.0,False,エノモト,スタンダード（内国株式）,電気機器
6929.T,291802750.0,287107750.0,False,日本セラミック,プライム（内国株式）,電気機器
6932.T,53354800.33203125,52004750.0,True,遠藤照明,スタンダード（内国株式）,電気機器
6941.T,3058280821.4453125,3319112500.0,False,山一電機,プライム（内国株式）,電気機器
6942.T,19304100.0,6467200.0,True,ソフィアホールディングス,スタンダード（内国株式）,情報・通信業
6943.T,8552942.67578125,6308500.0,True,ＮＫＫスイッチズ,スタンダード（内国株式）,電気機器
6946.T,976980100.0,914912500.0,False,日本アビオニクス,スタンダード（内国株式）,電気機器
6947.T,491941358.6621094,415954000.0,False,図研,プライム（内国株式）,電気機器
6951.T,2325765229.53125,2290931100.0,False,日本電子,プライム（内国株式）,電気機器
6952.T,2992250010.0,2639379250.0,False,カシオ計算機,プライム（内国株式）,電気機器
6954.T,26263907120.0,24504229650.0,False,ファナック,プライム（内国株式）,電気機器
6955.T,12862150.0,11259000.0,True,ＦＤＫ,スタンダード（内国株式）,電気機器
6958.T,611221500.0,504982750.0,False,日本シイエムケイ,プライム（内国株式）,電気機器
6960.T,1129818251.0253906,963011250.0,False,フクダ電子,スタンダード（内国株式）,電気機器
6961.T,1520415065.78125,1447633328.90625,False,エンプラス,プライム（内国株式）,電気機器
6962.T,245485250.42541504,228505800.0,False,大真空,プライム（内国株式）,電気機器
6963.T,15931933180.0,16365756200.0,False,ローム,プライム（内国株式）,電気機器
6964.T,3267050.0,3023250.0,True,サンコー,スタンダード（内国株式）,電気機器
6965.T,4812333462.338867,4712649500.0,False,浜松ホトニクス,プライム（内国株式）,電気機器
6966.T,1895814550.0,1853292350.0,False,三井ハイテック,プライム（内国株式）,電気機器
6969.T,68642470.0,46338900.0,True,松尾電機,スタンダード（内国株式）,電気機器
6971.T,17784602030.126953,17186869000.0,False,京セラ,プライム（内国株式）,電気機器
6976.T,287181873545.1465,293932314250.0,False,太陽誘電,プライム（内国株式）,電気機器
6977.T,93492620.0,72862750.0,True,日本抵抗器製作所,スタンダード（内国株式）,電気機器
6981.T,183065594425.9961,180876654629.98047,False,村田製作所,プライム（内国株式）,電気機器
6982.T,605190.0,371650.0,True,リード,スタンダード（内国株式）,輸送用機器
6986.T,300283740.0,240269250.0,False,双葉電子工業,プライム（内国株式）,電気機器
6988.T,11496785794.013672,10593808970.06836,False,日東電工,プライム（内国株式）,化学
6989.T,19123576.5625,16603932.8125,True,北陸電気工業,スタンダード（内国株式）,電気機器
6993.T,201306380.0,192743550.0,False,大黒屋ホールディングス,スタンダード（内国株式）,小売業
6994.T,237188660.99121094,225596800.0,False,指月電機製作所,スタンダード（内国株式）,電気機器
6995.T,398201827.8442383,386195000.0,False,東海理化電機製作所,プライム（内国株式）,輸送用機器
6996.T,1848248421.665039,1800610908.3251953,False,ニチコン,プライム（内国株式）,電気機器
6997.T,3216370490.0,3332701800.0,False,日本ケミコン,プライム（内国株式）,電気機器
6998.T,315366408.59375,302081250.0,False,日本タングステン,スタンダード（内国株式）,電気機器
6999.T,945410230.5322266,889262900.0,False,ＫＯＡ,プライム（内国株式）,電気機器
7003.T,6545339813.457031,5970300600.0,False,三井Ｅ＆Ｓ,プライム（内国株式）,機械
7004.T,1641506630.0,890843600.0,False,カナデビア,プライム（内国株式）,機械
7011.T,59075720340.03906,59025934550.19531,False,三菱重工業,プライム（内国株式）,機械
7012.T,21521437187.644043,17559619263.220215,False,川崎重工業,プライム（内国株式）,輸送用機器
7013.T,28346133431.28418,28739027600.0,False,ＩＨＩ,プライム（内国株式）,機械
7014.T,4697215182.128906,4418036500.0,False,名村造船所,スタンダード（内国株式）,輸送用機器
7018.T,352724400.0,387230000.0,False,内海造船,スタンダード（内国株式）,輸送用機器
7021.T,5081957.7880859375,4280300.0,True,ニッチツ,スタンダード（内国株式）,機械
7022.T,19656290.0,18920550.0,True,サノヤスホールディングス,スタンダード（内国株式）,機械
7030.T,39851103.53149414,13211350.0,True,スプリックス,スタンダード（内国株式）,サービス業
7031.T,1411740.0,1440450.0,True,インバウンドテック,グロース（内国株式）,サービス業
7033.T,105059360.0,91449900.0,True,マネジメントソリューションズ,プライム（内国株式）,サービス業
7034.T,9548280.0,9727050.0,True,プロレド・パートナーズ,プライム（内国株式）,サービス業
7035.T,101018140.0,14391200.0,True,ａｎｄ　ｆａｃｔｏｒｙ,スタンダード（内国株式）,サービス業
7036.T,1015320.0,793800.0,True,イーエムネットジャパン,グロース（内国株式）,サービス業
7037.T,4503130.0,4625350.0,True,テノ．ホールディングス,スタンダード（内国株式）,サービス業
7038.T,13094280.0,11201450.0,True,フロンティア・マネジメント,プライム（内国株式）,サービス業
7039.T,23740700.0,18015550.0,True,ブリッジインターナショナルグループ,グロース（内国株式）,サービス業
7040.T,1380722.4389648438,911350.0,True,サン・ライフホールディング,スタンダード（内国株式）,サービス業
7041.T,4373719.608154297,3856500.0,True,ＣＲＧホールディングス,グロース（内国株式）,サービス業
7042.T,945300.0,865700.0,True,アクセスグループ・ホールディングス,スタンダード（内国株式）,サービス業
7043.T,1337470.0,889400.0,True,アルー,グロース（内国株式）,サービス業
7044.T,24002850.0,16313000.0,True,ピアラ,スタンダード（内国株式）,サービス業
7046.T,2918940.0,1708850.0,True,ＴＤＳＥ,グロース（内国株式）,サービス業
7047.T,131073520.0,131520400.0,False,ポート,グロース（内国株式）,サービス業
7048.T,16073300.0,13470950.0,True,ベルトラ,グロース（内国株式）,サービス業
7049.T,14013930.0,12388350.0,True,識学,グロース（内国株式）,サービス業
7050.T,13147410.0,12551050.0,True,フロンティアインターナショナル,グロース（内国株式）,サービス業
7057.T,9838740.0,455450.0,True,エヌ・シー・エヌ,スタンダード（内国株式）,サービス業
7058.T,4965010.0,1660100.0,True,共栄セキュリティーサービス,スタンダード（内国株式）,サービス業
7059.T,111696619.81445312,72254699.07226562,True,コプロ・ホールディングス,プライム（内国株式）,サービス業
7060.T,10777009.042358398,8862900.0,True,ギークス,スタンダード（内国株式）,サービス業
7061.T,18346250.0,16181100.0,True,日本ホスピスホールディングス,グロース（内国株式）,サービス業
7062.T,1541340.0,1592850.0,True,フレアス,グロース（内国株式）,サービス業
7063.T,91324880.0,48591150.0,True,Ｂｉｒｄｍａｎ,グロース（内国株式）,サービス業
7064.T,1955880.0,1814400.0,True,ハウテレビジョン,スタンダード（内国株式）,サービス業
7065.T,7205370.0,5950750.0,True,ユーピーアール,スタンダード（内国株式）,サービス業
7066.T,3964911.5795898438,3373000.0,True,ピアズ,グロース（内国株式）,サービス業
7067.T,323470.0,272500.0,True,ブランディングテクノロジー,グロース（内国株式）,サービス業
7068.T,59223960.0,38853200.0,True,フィードフォースグループ,グロース（内国株式）,サービス業
7069.T,7237410.0,6163700.0,True,サイバー・バズ,グロース（内国株式）,サービス業
7071.T,151719240.0,145229300.0,False,アンビスホールディングス,プライム（内国株式）,サービス業
7072.T,5758050.0,3698150.0,True,インティメート・マージャー,グロース（内国株式）,サービス業
7073.T,2694410.0,2368200.0,True,ジェイック,グロース（内国株式）,サービス業
7074.T,1083500.0,845900.0,True,トゥエンティーフォーセブンホールディングス,グロース（内国株式）,サービス業
7075.T,16340430.0,12110400.0,True,ＱＬＳホールディングス,グロース（内国株式）,サービス業
7077.T,1210050.0,896800.0,True,ＡＬｉＮＫインターネット,グロース（内国株式）,サービス業
7078.T,4164920.0,3889450.0,True,ＩＮＣＬＵＳＩＶＥ　Ｈｏｌｄｉｎｇｓ,グロース（内国株式）,サービス業
7079.T,2918410.0,2093100.0,True,ＷＤＢココ,グロース（内国株式）,サービス業
7080.T,7147560.0,5338100.0,True,スポーツフィールド,グロース（内国株式）,サービス業
7081.T,5376910.0,4458450.0,True,コーユーレンティア,スタンダード（内国株式）,サービス業
7083.T,9282110.0,8066950.0,True,ＡＨＣグループ,グロース（内国株式）,サービス業
7084.T,20053693.720703125,16935668.603515625,True,Ｓｍｉｌｅ　Ｈｏｌｄｉｎｇｓ,グロース（内国株式）,サービス業
7085.T,281274390.0,291938750.0,False,カーブスホールディングス,プライム（内国株式）,サービス業
7087.T,12037034.822998047,5300700.0,True,ウイルテック,スタンダード（内国株式）,サービス業
7089.T,53758090.0,18084250.0,True,フォースタートアップス,グロース（内国株式）,サービス業
7090.T,1903360.0,1135800.0,True,リグア,グロース（内国株式）,サービス業
7091.T,33143320.0,21614900.0,True,リビングプラットフォーム,グロース（内国株式）,サービス業
7093.T,7240250.0,3236400.0,True,アディッシュ,グロース（内国株式）,サービス業
7094.T,50278321.865234375,53400000.0,True,ＮｅｘＴｏｎｅ,グロース（内国株式）,サービス業
7095.T,60333660.0,58307000.0,True,Ｍａｃｂｅｅ　Ｐｌａｎｅｔ,プライム（内国株式）,サービス業
7096.T,4858590.0,2753150.0,True,ステムセル研究所,グロース（内国株式）,サービス業
7097.T,18196880.0,17393500.0,True,さくらさくプラス,グロース（内国株式）,サービス業
7102.T,136013017.50976562,141958337.54882812,False,日本車輌製造,プライム（内国株式）,輸送用機器
7110.T,13082170.0,13595100.0,True,クラシコム,グロース（内国株式）,小売業
7111.T,8127160.0,4336200.0,True,ＩＮＥＳＴ,スタンダード（内国株式）,卸売業
7112.T,4061890.0,4237100.0,True,キューブ,グロース（内国株式）,小売業
7114.T,2310260.0,1087200.0,True,フーディソン,グロース（内国株式）,卸売業
7115.T,7620600.0,7213650.0,True,アルファパーチェス,スタンダード（内国株式）,卸売業
7119.T,55673751.64794922,56283450.0,True,ハルメクホールディングス,グロース（内国株式）,小売業
7120.T,30343400.0,16792550.0,True,ＳＨＩＮＫＯ,スタンダード（内国株式）,卸売業
7122.T,10476990.0,7342300.0,True,近畿車輛,スタンダード（内国株式）,輸送用機器
7126.T,1842870.0,1812750.0,True,グローバルスタイル,スタンダード（内国株式）,小売業
7127.T,8569560.0,4369900.0,True,一家ホールディングス,スタンダード（内国株式）,小売業
7128.T,232047640.0,222256650.0,False,ユニソルホールディングス,プライム（内国株式）,卸売業
7129.T,4333764.587402344,3140100.0,True,ミアヘルサホールディングス,スタンダード（内国株式）,小売業
7130.T,248589180.0,245997050.0,False,ヤマエグループホールディングス,プライム（内国株式）,卸売業
7131.T,18539400.0,18271250.0,True,のむら産業,スタンダード（内国株式）,卸売業
7133.T,262695460.0,131920800.0,False,ＨＹＵＧＡ　ＰＲＩＭＡＲＹ　ＣＡＲＥ,グロース（内国株式）,小売業
7134.T,6585460.0,6598500.0,True,アップガレージグループ,スタンダード（内国株式）,小売業
7135.T,4596260.0,4432500.0,True,ジャパンクラフトホールディングス,スタンダード（内国株式）,小売業
7138.T,77494190.0,73302750.0,True,ＴＯＲＩＣＯ,グロース（内国株式）,小売業
7140.T,863400.0,726000.0,True,ペットゴー,グロース（内国株式）,小売業
7148.T,1202216908.4301758,1152990156.5307617,False,ＦＰＧ,プライム（内国株式）,証券、商品先物取引業
7150.T,7766335.266113281,7842550.0,True,島根銀行,スタンダード（内国株式）,銀行業
7157.T,467827610.0,466879350.0,False,ライフネット生命保険,プライム（内国株式）,保険業
7161.T,149591870.0,141595450.0,False,じもとホールディングス,スタンダード（内国株式）,銀行業
7162.T,5786550.0,6424000.0,True,アストマックス,スタンダード（内国株式）,電気・ガス業
7164.T,1154827390.090332,1127593250.0,False,全国保証,プライム（内国株式）,その他金融業
7167.T,5276778402.011719,5615721685.058594,False,めぶきフィナンシャルグループ,プライム（内国株式）,銀行業
7172.T,291060470.0,299362050.0,False,ジャパンインベストメントアドバイザー,プライム（内国株式）,証券、商品先物取引業
7173.T,2398773096.5039062,2534905200.0,False,東京きらぼしフィナンシャルグループ,プライム（内国株式）,銀行業
7175.T,15685466.787109375,12218850.0,True,今村証券,スタンダード（内国株式）,証券、商品先物取引業
7177.T,283335030.390625,276505350.0,False,ＧＭＯフィナンシャルホールディングス,スタンダード（内国株式）,証券、商品先物取引業
7180.T,2691654911.536865,2347868125.0,False,九州フィナンシャルグループ,プライム（内国株式）,銀行業
7181.T,4194392950.13916,3830123700.0,False,かんぽ生命保険,プライム（内国株式）,保険業
7182.T,22688324420.0,21928466100.0,False,ゆうちょ銀行,プライム（内国株式）,銀行業
7183.T,5461060.0,4135750.0,True,あんしん保証,スタンダード（内国株式）,その他金融業
7184.T,799113376.0620117,785823505.3100586,False,富山第一銀行,プライム（内国株式）,銀行業
7185.T,63408200.0,50723000.0,True,ヒロセ通商,スタンダード（内国株式）,証券、商品先物取引業
7186.T,8043146018.24707,7734100200.0,False,横浜フィナンシャルグループ,プライム（内国株式）,銀行業
7187.T,82859910.0,70761500.0,True,ジェイリース,プライム（内国株式）,その他金融業
7189.T,2517677559.5507812,2522672600.0,False,西日本フィナンシャルホールディングス,プライム（内国株式）,銀行業
7191.T,15829233.67553711,16460150.0,True,イントラスト,スタンダード（内国株式）,その他金融業
7192.T,35991980.0,27985900.0,True,日本モーゲージサービス,スタンダード（内国株式）,その他金融業
7196.T,5223750.0,4794900.0,True,Ｃａｓａ,スタンダード（内国株式）,その他金融業
7198.T,125499010.77270508,125102750.0,False,ＳＢＩアルヒ,プライム（内国株式）,その他金融業
7199.T,407921314.03808594,360398650.0,False,プレミアグループ,プライム（内国株式）,その他金融業
7201.T,13671089294.505005,11717536579.948425,False,日産自動車,プライム（内国株式）,輸送用機器
7202.T,6493738881.398926,7075786575.0,False,いすゞ自動車,プライム（内国株式）,輸送用機器
7203.T,74057646822.30469,72846946100.0,False,トヨタ自動車,プライム（内国株式）,輸送用機器
7208.T,5665741.610107422,2537600.0,True,カネミツ,スタンダード（内国株式）,輸送用機器
7211.T,2974393990.6140137,2848282469.442749,False,三菱自動車工業,プライム（内国株式）,輸送用機器
7212.T,18966030.737304688,16525900.0,True,エフテック,スタンダード（内国株式）,輸送用機器
7213.T,15702460.0,12057000.0,True,レシップホールディングス,スタンダード（内国株式）,輸送用機器
7214.T,9554473.0078125,9486600.0,True,ＧＭＢ,スタンダード（内国株式）,輸送用機器
7215.T,2336260.0,2227150.0,True,ファルテック,スタンダード（内国株式）,輸送用機器
7217.T,2151860.0,1615250.0,True,テイン,スタンダード（内国株式）,輸送用機器
7218.T,2760804.2700195312,1429371.3500976562,True,田中精密工業,スタンダード（内国株式）,輸送用機器
7219.T,2299040.0,2479200.0,True,エッチ・ケー・エス,スタンダード（内国株式）,輸送用機器
7220.T,2971647919.9414062,1985673750.0,False,武蔵精密工業,プライム（内国株式）,輸送用機器
7222.T,92880370.0,89619200.0,True,日産車体,スタンダード（内国株式）,輸送用機器
7224.T,321903040.1196289,294426900.59814453,False,新明和工業,プライム（内国株式）,輸送用機器
7226.T,655520501.1547852,639537650.0,False,極東開発工業,プライム（内国株式）,輸送用機器
7228.T,4130500.0,1806500.0,True,デイトナ,スタンダード（内国株式）,輸送用機器
7231.T,153709385.078125,148859700.0,False,トピー工業,プライム（内国株式）,輸送用機器
7235.T,22458148.271484375,22761300.0,True,東京ラヂエーター製造,スタンダード（内国株式）,輸送用機器
7236.T,422749088.6645508,318211700.0,False,ティラド,プライム（内国株式）,輸送用機器
7238.T,406340430.0,375170250.0,False,曙ブレーキ工業,プライム（内国株式）,輸送用機器
7239.T,276766864.2919922,273948100.0,False,タチエス,プライム（内国株式）,輸送用機器
7241.T,405081034.6484375,284913250.0,False,フタバ産業,プライム（内国株式）,輸送用機器
7242.T,500260031.81640625,490432200.0,False,カヤバ,プライム（内国株式）,輸送用機器
7244.T,73065230.0,69186550.0,True,市光工業,プライム（内国株式）,電気機器
7245.T,562031454.6582031,539887700.0,False,大同メタル工業,プライム（内国株式）,輸送用機器
7246.T,314232511.2402344,287177100.0,False,プレス工業,プライム（内国株式）,輸送用機器
7247.T,12155297.250366211,10072736.251831055,True,ミクニ,スタンダード（内国株式）,輸送用機器
7254.T,2530720.948486328,1497750.0,True,ユニバンス,スタンダード（内国株式）,輸送用機器
7256.T,275460560.0,197824200.0,False,河西工業,スタンダード（内国株式）,輸送用機器
7259.T,5194345103.046875,5051347125.0,False,アイシン,プライム（内国株式）,輸送用機器
7261.T,6661667647.698975,6794376125.0,False,マツダ,プライム（内国株式）,輸送用機器
7264.T,1869397.6245117188,1274300.0,True,ムロコーポレーション,スタンダード（内国株式）,輸送用機器
7265.T,6635500.0,6512750.0,True,エイケン工業,スタンダード（内国株式）,輸送用機器
7266.T,17985589.26208496,15800750.0,True,今仙電機製作所,スタンダード（内国株式）,輸送用機器
7267.T,24579826564.072266,23556026500.0,False,本田技研工業,プライム（内国株式）,輸送用機器
7269.T,15766647296.137695,15447087830.688477,False,スズキ,プライム（内国株式）,輸送用機器
7270.T,8436068853.847656,8634320119.238281,False,ＳＵＢＡＲＵ,プライム（内国株式）,輸送用機器
7271.T,47313800.70617676,43600850.0,True,安永,スタンダード（内国株式）,輸送用機器
7272.T,9232185060.0,9120354975.0,False,ヤマハ発動機,プライム（内国株式）,輸送用機器
7273.T,57041420.0,42341900.0,True,イクヨ,スタンダード（内国株式）,輸送用機器
7276.T,2161168252.788086,2057160575.0,False,小糸製作所,プライム（内国株式）,電気機器
7277.T,10798123.095703125,10108800.0,True,ＴＢＫ,スタンダード（内国株式）,輸送用機器
7278.T,1715079405.2734375,1542748000.0,False,エクセディ,プライム（内国株式）,輸送用機器
7279.T,180771540.0,165271200.0,False,ハイレックスコーポレーション,スタンダード（内国株式）,輸送用機器
7280.T,215098810.0,201863250.0,False,ミツバ,プライム（内国株式）,電気機器
7282.T,2550881371.4935303,2671271125.0,False,豊田合成,プライム（内国株式）,輸送用機器
7283.T,406018149.74365234,361330100.0,False,愛三工業,プライム（内国株式）,輸送用機器
7284.T,1869787.51953125,1460137.59765625,True,盟和産業,スタンダード（内国株式）,輸送用機器
7287.T,665243479.2211914,519146846.10595703,False,日本精機,スタンダード（内国株式）,輸送用機器
7291.T,12780827.021484375,6063200.0,True,日本プラスト,スタンダード（内国株式）,輸送用機器
7292.T,22912413.369140625,20987000.0,True,村上開明堂,スタンダード（内国株式）,輸送用機器
7294.T,64275722.96875,66614700.0,True,ヨロズ,プライム（内国株式）,輸送用機器
7296.T,496710859.9121094,430858049.5605469,False,エフ・シー・シー,プライム（内国株式）,輸送用機器
7297.T,4159691.025390625,732550.0,True,カーメイト,スタンダード（内国株式）,輸送用機器
7299.T,6760960.651855469,6665600.0,True,フジオーゼックス,スタンダード（内国株式）,輸送用機器
7305.T,86658730.9375,73256000.0,True,新家工業,スタンダード（内国株式）,鉄鋼
7309.T,4202753600.0,4221695500.0,False,シマノ,プライム（内国株式）,輸送用機器
7313.T,631621662.2119141,604782850.0,False,テイ・エス　テック,プライム（内国株式）,輸送用機器
7314.T,2486850.0,2103750.0,True,小田原機器,スタンダード（内国株式）,輸送用機器
7318.T,117179830.0,124069200.0,False,セレンディップ・ホールディングス,グロース（内国株式）,輸送用機器
7320.T,23000240.0,21245900.0,True,Ｓｏｌｖｖｙ,グロース（内国株式）,その他金融業
7322.T,1081757509.8828125,1032459250.0,False,三十三フィナンシャルグループ,プライム（内国株式）,銀行業
7325.T,4248190.0,1989500.0,True,アイリックコーポレーション,グロース（内国株式）,保険業
7326.T,210198200.0,158544250.0,False,ＳＢＩインシュアランスグループ,グロース（内国株式）,保険業
7327.T,3632465089.987793,3599420100.0,False,第四北越フィナンシャルグループ,プライム（内国株式）,銀行業
7337.T,1934773730.9960938,1832579704.9804688,False,ひろぎんホールディングス,プライム（内国株式）,銀行業
7343.T,4632898.509521484,3044592.547607422,True,ブロードマインド,グロース（内国株式）,保険業
7345.T,2846580.0,3132400.0,True,アイ・パートナーズフィナンシャル,グロース（内国株式）,その他金融業
7347.T,6767690.0,5219000.0,True,マーキュリアホールディングス,プライム（内国株式）,証券、商品先物取引業
7350.T,689376557.109375,677842000.0,False,おきなわフィナンシャルグループ,プライム（内国株式）,銀行業
7351.T,2115350.0,1976400.0,True,グッドパッチ,グロース（内国株式）,サービス業
7352.T,139217020.0,26860500.0,True,ＴＷＯＳＴＯＮＥ＆Ｓｏｎｓ,グロース（内国株式）,サービス業
7353.T,4513320.0,1737800.0,True,ＫＩＹＯラーニング,グロース（内国株式）,サービス業
7354.T,74487310.0,69421450.0,True,ダイレクトマーケティングミックス,スタンダード（内国株式）,サービス業
7356.T,1863340.0,1427250.0,True,Ｒｅｔｔｙ,グロース（内国株式）,サービス業
7357.T,5679840.0,5018250.0,True,ジオコード,スタンダード（内国株式）,サービス業
7358.T,48778530.0,47313200.0,True,ポピンズ,スタンダード（内国株式）,サービス業
7359.T,11249820.0,8530500.0,True,東京通信グループ,グロース（内国株式）,サービス業
7360.T,1049480.0,641050.0,True,オンデック,グロース（内国株式）,サービス業
7361.T,5414305.09765625,4058400.0,True,ヒューマンクリエイションホールディングス,グロース（内国株式）,サービス業
7362.T,627370.0,438750.0,True,Ｔ．Ｓ．Ｉ,グロース（内国株式）,サービス業
7363.T,9054400.0,4911700.0,True,ベビーカレンダー,グロース（内国株式）,サービス業
7366.T,173947740.0,158118400.0,False,ＬＩＴＡＬＩＣＯ,プライム（内国株式）,サービス業
7367.T,789746.572265625,441900.0,True,セルム,スタンダード（内国株式）,サービス業
7368.T,2050994.3933105469,1552500.0,True,表示灯,スタンダード（内国株式）,サービス業
7369.T,3211060.0,2547600.0,True,メイホーホールディングス,グロース（内国株式）,サービス業
7370.T,2408600.0,2431350.0,True,Ｅｎｊｉｎ,グロース（内国株式）,サービス業
7371.T,7769170.0,7563600.0,True,Ｚｅｎｋｅｎ,グロース（内国株式）,サービス業
7372.T,3786130.0,3177700.0,True,デコルテ・ホールディングス,グロース（内国株式）,サービス業
7373.T,47702020.0,45523100.0,True,アイドマ・ホールディングス,グロース（内国株式）,サービス業
7374.T,20347964.958496094,15461400.0,True,コンフィデンス・インターワークス,グロース（内国株式）,サービス業
7375.T,56838450.0,59332400.0,True,リファインバースグループ,グロース（内国株式）,サービス業
7376.T,41643280.0,33262350.0,True,ＢＣＣ,グロース（内国株式）,サービス業
7377.T,6455040.0,3860700.0,True,ＤＮホールディングス,スタンダード（内国株式）,サービス業
7378.T,14888400.0,14412450.0,True,アシロ,グロース（内国株式）,サービス業
7380.T,2128149953.4375,1952120800.0,False,十六フィナンシャルグループ,プライム（内国株式）,銀行業
7381.T,810383371.640625,745771408.203125,False,ＣＣＩグループ,プライム（内国株式）,銀行業
7383.T,252806620.0,219675900.0,False,ネットプロテクションズホールディングス,プライム（内国株式）,その他金融業
7384.T,1286560172.0703125,1130688000.0,False,プロクレアホールディングス,プライム（内国株式）,銀行業
7388.T,85354900.0,89139350.0,True,ＦＰパートナー,プライム（内国株式）,保険業
7389.T,2574356130.7617188,2526039200.0,False,あいちフィナンシャルグループ,プライム（内国株式）,銀行業
7399.T,1116134.4860839844,614500.0,True,ナンシン,スタンダード（内国株式）,輸送用機器
7409.T,153574830.0,152314600.0,False,ＡｅｒｏＥｄｇｅ,グロース（内国株式）,輸送用機器
7412.T,294721130.0,273625300.0,False,アトム,スタンダード（内国株式）,小売業
7413.T,1332300.0,300000.0,True,創健社,スタンダード（内国株式）,卸売業
7414.T,88201148.33740234,75822141.68701172,True,小野建,プライム（内国株式）,卸売業
7416.T,6751690.0,1751100.0,True,はるやまホールディングス,スタンダード（内国株式）,小売業
7417.T,11420475.438232422,10145977.19116211,True,南陽,スタンダード（内国株式）,卸売業
7419.T,877216922.3217773,790314061.6088867,False,ノジマ,プライム（内国株式）,小売業
7421.T,254678770.0,250114500.0,False,カッパ・クリエイト,プライム（内国株式）,小売業
7422.T,29576520.0,14316250.0,True,東邦レマック,スタンダード（内国株式）,卸売業
7425.T,1653770.0,1167750.0,True,初穂商事,スタンダード（内国株式）,卸売業
7427.T,5230410.0,3567100.0,True,エコートレーディング,スタンダード（内国株式）,卸売業
7433.T,655073123.28125,616233507.1838379,False,伯東,プライム（内国株式）,卸売業
7434.T,8998140.0,5756800.0,True,オータケ,スタンダード（内国株式）,卸売業
7435.T,25175620.0,18031550.0,True,ナ・デックス,スタンダード（内国株式）,卸売業
7438.T,76114529.12109375,77264095.60546875,True,コンドーテック,プライム（内国株式）,卸売業
7442.T,6029940.0,4939950.0,True,中山福,スタンダード（内国株式）,卸売業
7443.T,1422923.755493164,1585200.0,True,横浜魚類,スタンダード（内国株式）,卸売業
7444.T,1232150.0,994500.0,True,ハリマ共和物産,スタンダード（内国株式）,卸売業
7446.T,1999583.486328125,1507500.0,True,東北化学薬品,スタンダード（内国株式）,卸売業
7447.T,272500510.0,210439050.0,False,ナガイレーベン,プライム（内国株式）,卸売業
7453.T,12104208510.0,12748878500.0,False,良品計画,プライム（内国株式）,小売業
7456.T,546505699.21875,574047000.0,False,松田産業,プライム（内国株式）,卸売業
7458.T,1013568662.8979492,666906525.0,False,第一興商,プライム（内国株式）,卸売業
7459.T,1627740654.4042969,1467212200.0,False,メディパルホールディングス,プライム（内国株式）,卸売業
7460.T,22033538.588867188,16484250.0,True,ヤギ,スタンダード（内国株式）,卸売業
7461.T,731700.0,396950.0,True,キムラ,スタンダード（内国株式）,卸売業
7462.T,9426369.26940918,6119400.0,True,ＣＡＰＩＴＡ,スタンダード（内国株式）,小売業
7463.T,29134052.169189453,28870700.0,True,アドヴァングループ,スタンダード（内国株式）,小売業
7464.T,1643620.0,978850.0,True,セフテック,スタンダード（内国株式）,卸売業
7466.T,51212839.244384766,48982950.0,True,ＳＰＫ,プライム（内国株式）,卸売業
7472.T,3508950.0,2855250.0,True,鳥羽洋行,スタンダード（内国株式）,卸売業
7475.T,286202100.0,234329500.0,False,アルビス,プライム（内国株式）,小売業
7476.T,327657045.3442383,313730800.0,False,アズワン,プライム（内国株式）,卸売業
7477.T,4569632.301025391,4132150.0,True,ムラキ,スタンダード（内国株式）,卸売業
7480.T,275699155.48583984,242313000.0,False,スズデン,スタンダード（内国株式）,卸売業
7481.T,6852559.228515625,5439100.0,True,尾家産業,スタンダード（内国株式）,卸売業
7482.T,58755691.923828125,57769200.0,True,シモジマ,プライム（内国株式）,卸売業
7483.T,238477800.63232422,213957200.0,False,ドウシシャ,プライム（内国株式）,卸売業
7486.T,2159600.0,899500.0,True,サンリン,スタンダード（内国株式）,卸売業
7487.T,11707570.0,12103200.0,True,小津産業,スタンダード（内国株式）,卸売業
7490.T,6332970.0,2959200.0,True,日新商事,スタンダード（内国株式）,卸売業
7494.T,6881560.0,6989750.0,True,コナカ,スタンダード（内国株式）,小売業
7500.T,9209200.0,3908000.0,True,西川計測,スタンダード（内国株式）,卸売業
7501.T,345220.0,212700.0,True,ティムコ,スタンダード（内国株式）,卸売業
7502.T,1543720.0,1248550.0,True,プラザホールディングス,スタンダード（内国株式）,サービス業
7504.T,216757742.2265625,202967211.1328125,False,高速,プライム（内国株式）,卸売業
7505.T,44914324.118652344,44336670.59326172,True,扶桑電通,スタンダード（内国株式）,卸売業
7506.T,1806885.0,1709200.0,True,ハウス　オブ　ローゼ,スタンダード（内国株式）,小売業
7508.T,97024671.2109375,86511950.0,True,Ｇ‐７ホールディングス,プライム（内国株式）,小売業
7509.T,1364550.0,1167500.0,True,アイエーグループ,スタンダード（内国株式）,小売業
7510.T,151211519.375,124497650.0,False,たけびし,プライム（内国株式）,卸売業
7512.T,100171210.0,103657350.0,False,イオン北海道,スタンダード（内国株式）,小売業
7513.T,290780180.0,268659000.0,False,コジマ,プライム（内国株式）,小売業
7514.T,3122760.0,3030300.0,True,ヒマラヤ,スタンダード（内国株式）,小売業
7515.T,1188750.0,913500.0,True,マルヨシセンター,スタンダード（内国株式）,小売業
7516.T,311199950.0,322309000.0,False,コーナン商事,プライム（内国株式）,小売業
7520.T,38630570.0,38133200.0,True,エコス,プライム（内国株式）,小売業
7521.T,3981264.5703125,1201650.0,True,ムサシ,スタンダード（内国株式）,卸売業
7522.T,246842750.0,204175600.0,False,ワタミ,プライム（内国株式）,小売業
7523.T,1876510.0,843950.0,True,アールビバン,スタンダード（内国株式）,小売業
7524.T,2841800.0,2141700.0,True,マルシェ,スタンダード（内国株式）,小売業
7525.T,46123805.341796875,39153126.708984375,True,リックス,プライム（内国株式）,卸売業
7527.T,54976920.0,56332550.0,True,システムソフト,スタンダード（内国株式）,情報・通信業
7531.T,158270.0,131000.0,True,清和中央ホールディングス,スタンダード（内国株式）,卸売業
7532.T,13304880077.052612,12924012994.49768,False,パン・パシフィック・インターナショナルホールディングス,プライム（内国株式）,小売業
7537.T,197736149.47021484,199303300.0,False,丸文,プライム（内国株式）,卸売業
7538.T,1055060.0,797600.0,True,大水,スタンダード（内国株式）,卸売業
7539.T,36310242.29003906,14696700.0,True,アイナボホールディングス,スタンダード（内国株式）,卸売業
7544.T,2893940.0,2291900.0,True,スリーエフ,スタンダード（内国株式）,小売業
7545.T,554930830.0,470703150.0,False,西松屋チェーン,プライム（内国株式）,小売業
7550.T,7662940881.933594,6970018409.667969,False,ゼンショーホールディングス,プライム（内国株式）,小売業
75505.T,16737317.1484375,5138200.0,True,ゼンショーホールディングス第１回社債型種類株式,プライム（内国株式）,小売業
7551.T,41704734.088134766,6233170.440673828,True,ウェッズ,スタンダード（内国株式）,輸送用機器
7552.T,2610619150.0,1870274500.0,False,ハピネット,プライム（内国株式）,卸売業
7554.T,63936375.0,62021850.0,True,幸楽苑,プライム（内国株式）,小売業
7555.T,1043470.0,1101000.0,True,大田花き,スタンダード（内国株式）,卸売業
7561.T,12373423.86352539,13434450.0,True,ハークスレイホールディングス,スタンダード（内国株式）,小売業
7562.T,21440000.0,10292250.0,True,安楽亭,スタンダード（内国株式）,小売業
7564.T,2951084500.0,2433387000.0,False,ワークマン,スタンダード（内国株式）,小売業
7565.T,1033400.0,0.0,True,萬世電機,スタンダード（内国株式）,卸売業
7567.T,16517710.0,12624700.0,True,栄電子,スタンダード（内国株式）,卸売業
7570.T,17030943.59375,16601050.0,True,橋本総業ホールディングス,スタンダード（内国株式）,卸売業
7571.T,23949560.0,25197200.0,True,ヤマノホールディングス,スタンダード（内国株式）,小売業
7575.T,632681482.4597168,357049350.0,False,日本ライフライン,プライム（内国株式）,卸売業
7578.T,2760800.0,2377750.0,True,ニチリョク,スタンダード（内国株式）,小売業
7581.T,2596642000.0,2420551000.0,False,サイゼリヤ,プライム（内国株式）,小売業
7585.T,1145270.0,1056800.0,True,かんなん丸,スタンダード（内国株式）,小売業
7590.T,207352330.0,32290450.0,True,タカショー,スタンダード（内国株式）,卸売業
7593.T,246192452.81982422,223223400.0,False,ＶＴホールディングス,プライム（内国株式）,小売業
7595.T,299010896.25,298484850.0,False,アルゴグラフィックス,プライム（内国株式）,情報・通信業
7596.T,85969661.85546875,74731159.27734375,True,魚力,プライム（内国株式）,小売業
7599.T,1045484540.0,1007737250.0,False,ＩＤＯＭ,プライム（内国株式）,卸売業
7600.T,113920170.0,105277750.0,False,日本エム・ディ・エム,プライム（内国株式）,精密機器
7601.T,10716810.0,4396450.0,True,ポプラ,スタンダード（内国株式）,小売業
7602.T,7913340.0,6789000.0,True,レダックス,スタンダード（内国株式）,卸売業
7603.T,18408990.0,17822950.0,True,ジーイエット,スタンダード（内国株式）,小売業
7604.T,7319520.0,7178650.0,True,梅の花グループ,スタンダード（内国株式）,小売業
7606.T,503755554.58984375,505777000.0,False,ユナイテッドアローズ,プライム（内国株式）,小売業
7607.T,78834950.0,77584500.0,True,進和,プライム（内国株式）,卸売業
7608.T,77167060.0,73427250.0,True,エスケイジャパン,スタンダード（内国株式）,卸売業
7609.T,401723150.0,378025500.0,False,ダイトロン,プライム（内国株式）,卸売業
7610.T,69349060.0,50393600.0,True,テイツー,スタンダード（内国株式）,小売業
7611.T,676575840.0,555816850.0,False,ハイデイ日高,プライム（内国株式）,小売業
7613.T,277817200.0,274489900.0,False,シークス,プライム（内国株式）,卸売業
7614.T,3629350.0,3400100.0,True,オーエムツーネットワーク,スタンダード（内国株式）,小売業
7615.T,5450700.0,4920950.0,True,京都きもの友禅ホールディングス,スタンダード（内国株式）,小売業
7616.T,1566045920.0,1172631725.0,False,コロワイド,プライム（内国株式）,小売業
7619.T,11747329.130859375,6740200.0,True,田中商事,スタンダード（内国株式）,卸売業
7621.T,21616050.0,13296500.0,True,うかい,スタンダード（内国株式）,小売業
7624.T,124253260.0,48072000.0,True,ＮａＩＴＯ,スタンダード（内国株式）,卸売業
7625.T,3354250.0,2197950.0,True,グローバルダイニング,スタンダード（内国株式）,小売業
7628.T,80995201.2109375,67194550.0,True,オーハシテクニカ,プライム（内国株式）,卸売業
7630.T,734278790.0,582797550.0,False,壱番屋,プライム（内国株式）,小売業
7634.T,4195032.8515625,2153750.0,True,星医療酸器,スタンダード（内国株式）,卸売業
7636.T,3170580.0,3462350.0,True,ハンズマン,スタンダード（内国株式）,小売業
7637.T,88671446.78955078,83211750.0,True,白銅,プライム（内国株式）,卸売業
7638.T,24478580.0,24183500.0,True,ＮＥＷ　ＡＲＴ　ＨＯＬＤＩＮＧＳ,スタンダード（内国株式）,小売業
7640.T,7485640.0,6954400.0,True,トップカルチャー,スタンダード（内国株式）,小売業
7643.T,8101919.661865234,5800348.309326172,True,ダイイチ,スタンダード（内国株式）,小売業
7646.T,10748680.0,8943800.0,True,ＰＬＡＮＴ,スタンダード（内国株式）,小売業
7649.T,2422190420.0,2207467400.0,False,スギホールディングス,プライム（内国株式）,小売業
7670.T,2578794.6838378906,1901000.0,True,オーウエル,スタンダード（内国株式）,卸売業
7673.T,1902780.0,1201800.0,True,ダイコー通産,スタンダード（内国株式）,卸売業
7674.T,6279090.0,4828600.0,True,ＮＡＴＴＹ　ＳＷＡＮＫＹホールディングス,グロース（内国株式）,小売業
7677.T,330380.0,0.0,True,ヤシマキザイ,スタンダード（内国株式）,卸売業
7678.T,39640850.0,29969500.0,True,あさくま,スタンダード（内国株式）,小売業
7679.T,138736800.0,135211800.0,False,薬王堂ホールディングス,プライム（内国株式）,小売業
7681.T,265870.0,49200.0,True,レオクラン,スタンダード（内国株式）,卸売業
7682.T,23755050.0,10422250.0,True,浜木綿,スタンダード（内国株式）,小売業
7683.T,31275670.0,29932850.0,True,ダブルエー,プライム（内国株式）,小売業
7685.T,1392757350.0,1229244800.0,False,ＢｕｙＳｅｌｌ　Ｔｅｃｈｎｏｌｏｇｉｅｓ,グロース（内国株式）,卸売業
7686.T,11833609.111328125,11841600.0,True,ひとまいる,スタンダード（内国株式）,小売業
7687.T,4192891.7669677734,3282508.834838867,True,ミクリード,グロース（内国株式）,卸売業
7689.T,58540710.0,28315650.0,True,コパ・コーポレーション,グロース（内国株式）,卸売業
7692.T,12180460.0,11506400.0,True,アースインフィニティ,スタンダード（内国株式）,電気・ガス業
7694.T,30618630.0,16585250.0,True,いつも,グロース（内国株式）,小売業
7695.T,8118240.0,8058800.0,True,交換できるくん,グロース（内国株式）,小売業
7698.T,11566179.174804688,7922000.0,True,アイスコ,スタンダード（内国株式）,卸売業
7701.T,5472347417.758789,4928651100.0,False,島津製作所,プライム（内国株式）,精密機器
7702.T,13143633.932189941,12478950.0,True,ＪＭＳ,スタンダード（内国株式）,精密機器
7707.T,39019420.0,24021350.0,True,プレシジョン・システム・サイエンス,グロース（内国株式）,精密機器
7711.T,321584658.3984375,180255500.0,False,助川電気工業,スタンダード（内国株式）,精密機器
7713.T,93684150.0,69958200.0,True,シグマ光機,スタンダード（内国株式）,精密機器
7715.T,388549089.39453125,348108000.0,False,長野計器,プライム（内国株式）,精密機器
7716.T,1045142910.0,989385700.0,False,ナカニシ,スタンダード（内国株式）,精密機器
7717.T,1323868846.3476562,1307573000.0,False,ブイ・テクノロジー,プライム（内国株式）,精密機器
7719.T,51818590.0,51441000.0,True,東京衡機,スタンダード（内国株式）,精密機器
7721.T,1886081900.0,1862281000.0,False,東京計器,プライム（内国株式）,精密機器
7722.T,24118029.583740234,18113400.0,True,国際計測器,スタンダード（内国株式）,精密機器
7723.T,54217400.37841797,56110651.892089844,True,愛知時計電機,プライム（内国株式）,精密機器
7725.T,133398490.0,129448800.0,False,インターアクション,プライム（内国株式）,精密機器
7726.T,11076133.68774414,11260100.0,True,黒田精工,スタンダード（内国株式）,機械
7727.T,124547588.72558594,110101500.0,False,オーバル,スタンダード（内国株式）,精密機器
7729.T,6704273844.667969,6841199000.0,False,東京精密,プライム（内国株式）,精密機器
7730.T,377810520.0,388387250.0,False,マニー,プライム（内国株式）,精密機器
7731.T,3341996026.8896484,3251713900.0,False,ニコン,プライム（内国株式）,精密機器
7733.T,7908605565.0,8041948100.0,False,オリンパス,プライム（内国株式）,精密機器
7734.T,402302707.0678711,341110000.0,False,理研計器,プライム（内国株式）,精密機器
7735.T,33456377649.89258,34132244500.0,False,ＳＣＲＥＥＮホールディングス,プライム（内国株式）,電気機器
7740.T,964999250.0,513933000.0,False,タムロン,プライム（内国株式）,精密機器
7741.T,32188578250.0,32496945250.0,False,ＨＯＹＡ,プライム（内国株式）,精密機器
7743.T,196747980.0,111995000.0,False,シード,スタンダード（内国株式）,精密機器
7744.T,500990210.0,434521800.0,False,ノーリツ鋼機,プライム（内国株式）,精密機器
7745.T,238285949.78515625,244366200.0,False,Ａ＆Ｄホロンホールディングス,プライム（内国株式）,精密機器
7746.T,2033392360.0,1646737800.0,False,岡本硝子,スタンダード（内国株式）,精密機器
7747.T,4808831310.0,4763225200.0,False,朝日インテック,プライム（内国株式）,精密機器
7749.T,13950997.978515625,9150350.0,True,メディキット,スタンダード（内国株式）,精密機器
7751.T,13721472460.0,13499163350.0,False,キヤノン,プライム（内国株式）,電気機器
7752.T,3360203354.2333984,3328916150.0,False,リコー,プライム（内国株式）,電気機器
7760.T,185721843.125,138501400.0,False,ＩＭＶ,スタンダード（内国株式）,精密機器
7762.T,2966138726.6601562,2853259150.0,False,シチズン時計,プライム（内国株式）,精密機器
7769.T,63843475.0,61493250.0,True,リズム,プライム（内国株式）,精密機器
7771.T,24633870.0,17712200.0,True,日本精密,スタンダード（内国株式）,精密機器
7774.T,71697700.0,64381900.0,True,ジャパン・ティッシュエンジニアリング,グロース（内国株式）,精密機器
7775.T,10747216.339416504,10766531.69708252,True,大研医器,スタンダード（内国株式）,精密機器
7776.T,37364810.0,25829400.0,True,セルシード,グロース（内国株式）,精密機器
7777.T,700320330.0,721124150.0,False,スリー・ディー・マトリックス,グロース（内国株式）,精密機器
7779.T,181026010.0,154465350.0,False,ＣＹＢＥＲＤＹＮＥ,グロース（内国株式）,精密機器
7780.T,520615570.0,495341800.0,False,メニコン,プライム（内国株式）,精密機器
7781.T,5574840.0,4365950.0,True,平山ホールディングス,スタンダード（内国株式）,精密機器
7782.T,2596700.0,2543200.0,True,シンシア,スタンダード（内国株式）,精密機器
7791.T,1171730.0,895150.0,True,ドリームベッド,スタンダード（内国株式）,その他製品
7792.T,29497240.583496094,18961000.0,True,コラントッテ,グロース（内国株式）,その他製品
7793.T,1730050.0,1522000.0,True,イメージ・マジック,グロース（内国株式）,その他製品
7794.T,173353410.0,166208900.0,False,イーディーピー,グロース（内国株式）,その他製品
7795.T,8281469.585571289,8119550.0,True,ＫＹＯＲＩＴＳＵ,スタンダード（内国株式）,その他製品
7800.T,9022594.658203125,4242000.0,True,アミファ,スタンダード（内国株式）,その他製品
7803.T,511924090.0,438097050.0,False,ブシロード,グロース（内国株式）,その他製品
7804.T,19875680.0,14870700.0,True,ビーアンドピー,スタンダード（内国株式）,その他製品
7805.T,4107990.0,2635050.0,True,プリントネット,スタンダード（内国株式）,その他製品
7806.T,2307986061.015625,2235142000.0,False,ＭＴＧ,グロース（内国株式）,その他製品
7807.T,1602950.0,1579400.0,True,幸和製作所,スタンダード（内国株式）,その他製品
7808.T,6483670.0,1440400.0,True,シー・エス・ランバー,スタンダード（内国株式）,その他製品
7809.T,5257900.0,5218000.0,True,壽屋,スタンダード（内国株式）,その他製品
7810.T,6683600.0,6613200.0,True,クロスフォー,スタンダード（内国株式）,その他製品
7811.T,46368050.0,40009350.0,True,中本パックス,スタンダード（内国株式）,その他製品
7812.T,1599120.0,627000.0,True,クレステック,スタンダード（内国株式）,その他製品
7813.T,3329370.0,2260500.0,True,プラッツ,スタンダード（内国株式）,その他製品
7814.T,13651440.0,4000500.0,True,日本創発グループ,スタンダード（内国株式）,その他製品
7815.T,886940.0,927450.0,True,東京ボード工業,スタンダード（内国株式）,その他製品
7818.T,132651910.0,131073700.0,False,トランザクション,プライム（内国株式）,その他製品
7819.T,32576279.577026367,27153250.0,True,粧美堂,スタンダード（内国株式）,その他製品
7820.T,48278578.90136719,45577600.0,True,ニホンフラッシュ,プライム（内国株式）,その他製品
7821.T,333224990.0,336245050.0,False,前田工繊,プライム（内国株式）,その他製品
7822.T,11707585.29296875,11039200.0,True,永大産業,スタンダード（内国株式）,その他製品
7823.T,71563540.0,56230850.0,True,アートネイチャー,スタンダード（内国株式）,その他製品
7826.T,4448398200.0,3987080000.0,False,フルヤ金属,プライム（内国株式）,その他製品
7827.T,12984630.0,12573600.0,True,オービス,スタンダード（内国株式）,その他製品
7831.T,1547740.0,729300.0,True,ウイルコホールディングス,スタンダード（内国株式）,その他製品
7832.T,12856472946.420898,12650403600.0,False,バンダイナムコホールディングス,プライム（内国株式）,その他製品
7833.T,3245050.0,2827100.0,True,アイフィスジャパン,スタンダード（内国株式）,その他製品
7836.T,3663910.0,3149850.0,True,アビックス,スタンダード（内国株式）,その他製品
7837.T,1514160.0,970350.0,True,アールシーコア,スタンダード（内国株式）,その他製品
7839.T,504369462.0996094,491216260.4980469,False,ＳＨＯＥＩ,プライム（内国株式）,その他製品
7840.T,54240588.72314453,53057300.0,True,フランスベッドホールディングス,プライム（内国株式）,その他製品
7841.T,9559970.0,6354100.0,True,遠藤製作所,スタンダード（内国株式）,その他製品
7844.T,81473950.0,71155800.0,True,マーベラス,プライム（内国株式）,情報・通信業
7846.T,640277485.0,665305850.0,False,パイロットコーポレーション,プライム（内国株式）,その他製品
7847.T,25152600.0,14328600.0,True,グラファイトデザイン,スタンダード（内国株式）,その他製品
7849.T,9214210.0,6169000.0,True,スターツ出版,スタンダード（内国株式）,情報・通信業
7850.T,2390200.0,1996550.0,True,総合商研,スタンダード（内国株式）,その他製品
7856.T,248505570.0,249256000.0,False,萩原工業,プライム（内国株式）,その他製品
7857.T,755586.0009765625,639000.0,True,セキ,スタンダード（内国株式）,その他製品
7859.T,14610190.0,12217500.0,True,アルメディオ,スタンダード（内国株式）,その他製品
7860.T,176645089.21142578,167710400.0,False,エイベックス,プライム（内国株式）,情報・通信業
7863.T,310920.0,282450.0,True,平賀,スタンダード（内国株式）,その他製品
7864.T,626954281.9165039,537659750.0,False,フジシールインターナショナル,プライム（内国株式）,その他製品
7865.T,1207950.0,1117450.0,True,ピープル,スタンダード（内国株式）,その他製品
7867.T,2756164188.425293,2759379550.0,False,タカラトミー,プライム（内国株式）,その他製品
7868.T,189065382.9840088,134520550.0,False,広済堂ホールディングス,プライム（内国株式）,その他製品
7871.T,4436858.833618164,3571450.0,True,フクビ化学工業,スタンダード（内国株式）,化学
7872.T,2492210.0,2006700.0,True,エステールホールディングス,スタンダード（内国株式）,その他製品
7874.T,55326068.62121582,54497700.0,True,レック,プライム（内国株式）,化学
7875.T,27154825.302734375,20451900.0,True,竹田ｉＰホールディングス,スタンダード（内国株式）,その他製品
7877.T,895840.0,330750.0,True,永大化工,スタンダード（内国株式）,化学
7878.T,10468730.0,7871900.0,True,光・彩,スタンダード（内国株式）,その他製品
7879.T,7114860.0,7959300.0,True,ノダ,スタンダード（内国株式）,その他製品
7883.T,107121728.29833984,57296850.0,True,サンメッセ,スタンダード（内国株式）,その他製品
7885.T,19466250.0,15400500.0,True,タカノ,スタンダード（内国株式）,その他製品
7886.T,1229450.0,684900.0,True,ヤマト　モビリティ　＆　Ｍｆｇ．,スタンダード（内国株式）,化学
7887.T,9779390.0,6846000.0,True,南海プライウッド,スタンダード（内国株式）,その他製品
7888.T,93764580.0,91661550.0,True,三光合成,プライム（内国株式）,化学
7893.T,54210250.625,53992500.0,True,プロネクサス,プライム（内国株式）,その他製品
7896.T,428306.00524902344,400400.0,True,セブン工業,スタンダード（内国株式）,その他製品
7897.T,232303270.0,50127800.0,True,ホクシン,スタンダード（内国株式）,その他製品
7898.T,3538800.0,3138500.0,True,ウッドワン,スタンダード（内国株式）,その他製品
7901.T,99688080.0,41658500.0,True,マツモト,スタンダード（内国株式）,その他製品
7902.T,1209950.0,891400.0,True,ソノコム,スタンダード（内国株式）,その他製品
7906.T,1290090188.708496,1204082100.0,False,ヨネックス,スタンダード（内国株式）,その他製品
7908.T,15574982.959136963,15980614.795684814,True,きもと,スタンダード（内国株式）,化学
7911.T,6244011231.328125,6264132775.0,False,ＴＯＰＰＡＮホールディングス,プライム（内国株式）,その他製品
7912.T,4889037777.788086,4815959550.0,False,大日本印刷,プライム（内国株式）,その他製品
7914.T,115238966.57226562,101102350.0,False,共同印刷,プライム（内国株式）,その他製品
7915.T,713763020.0,585079700.0,False,ＮＩＳＳＨＡ,プライム（内国株式）,その他製品
7916.T,3575040.0,2488100.0,True,光村印刷,スタンダード（内国株式）,その他製品
7917.T,166716385.57373047,166893000.0,False,ＺＡＣＲＯＳ,プライム（内国株式）,化学
7918.T,3567770.0,3312550.0,True,ヴィア・ホールディングス,スタンダード（内国株式）,小売業
7919.T,2267431.100769043,2256550.0,True,野崎印刷紙業,スタンダード（内国株式）,その他製品
7921.T,154513750.0,114170750.0,False,ＴＡＫＡＲＡ　＆　ＣＯＭＰＡＮＹ,プライム（内国株式）,その他製品
7927.T,32268243.115234375,26551950.0,True,ムトー精工,スタンダード（内国株式）,化学
7928.T,1296870.0,1041900.0,True,旭化学工業,スタンダード（内国株式）,化学
7931.T,59420100.0,62737250.0,True,未来工業,プライム（内国株式）,化学
7932.T,123062500.0,112751000.0,False,ニッピ,スタンダード（内国株式）,その他製品
7936.T,21020475910.0,20675085150.0,False,アシックス,プライム（内国株式）,その他製品
7937.T,46576148.017578125,41959200.0,True,ツツミ,スタンダード（内国株式）,その他製品
7938.T,6031470.0,4848250.0,True,リーガルコーポレーション,スタンダード（内国株式）,その他製品
7939.T,760670.0,658200.0,True,研創,スタンダード（内国株式）,その他製品
7942.T,148558196.4892578,116506350.0,False,ＪＳＰ,プライム（内国株式）,化学
7943.T,199672737.00927734,212762700.0,False,ニチハ,プライム（内国株式）,ガラス・土石製品
7944.T,276485300.0,269137000.0,False,ローランド,プライム（内国株式）,その他製品
7947.T,455393859.7314453,467494800.0,False,エフピコ,プライム（内国株式）,化学
7949.T,169419250.6591797,150319900.0,False,小松ウオール工業,プライム（内国株式）,その他製品
7951.T,2740926423.1066895,2684962700.0,False,ヤマハ,プライム（内国株式）,その他製品
7952.T,54052500.0,47930000.0,True,河合楽器製作所,プライム（内国株式）,その他製品
7953.T,6107750.0,5734700.0,True,菊水化学工業,スタンダード（内国株式）,その他製品
7955.T,48572320.385131836,49056300.0,True,クリナップ,プライム（内国株式）,その他製品
7956.T,1596059450.0,1510662775.0,False,ピジョン,プライム（内国株式）,その他製品
7957.T,436470240.0,483435750.0,False,フジコピアン,スタンダード（内国株式）,その他製品
7962.T,23208960.0,21660600.0,True,キングジム,プライム（内国株式）,その他製品
7963.T,9411410.0,6744450.0,True,興研,スタンダード（内国株式）,その他製品
7965.T,251365620.0,204216900.0,False,象印マホービン,プライム（内国株式）,電気機器
7966.T,4663609143.505859,3459174500.0,False,リンテック,プライム（内国株式）,その他製品
7970.T,364869770.8691406,379262150.0,False,信越ポリマー,プライム（内国株式）,化学
7971.T,69970890.0,40457650.0,True,東リ,スタンダード（内国株式）,化学
7972.T,417261780.0,401352900.0,False,イトーキ,プライム（内国株式）,その他製品
7974.T,53261590490.0,51089737000.0,False,任天堂,プライム（内国株式）,その他製品
7975.T,6353140.0,6565700.0,True,リヒトラブ,スタンダード（内国株式）,その他製品
7976.T,402876950.0,404840500.0,False,三菱鉛筆,プライム（内国株式）,その他製品
7979.T,152852876.015625,147526600.0,False,松風,プライム（内国株式）,精密機器
7980.T,20617120.0,12722800.0,True,重松製作所,スタンダード（内国株式）,その他製品
7981.T,299230440.0,274807000.0,False,タカラスタンダード,プライム（内国株式）,その他製品
7983.T,2173490.0,1400400.0,True,ミロク,スタンダード（内国株式）,その他製品
7984.T,702294995.74646,703552819.6716309,False,コクヨ,プライム（内国株式）,その他製品
7986.T,9193530.0,2496200.0,True,日本アイ・エス・ケイ,スタンダード（内国株式）,その他製品
7987.T,33639350.0,30434900.0,True,ナカバヤシ,スタンダード（内国株式）,その他製品
7988.T,1216315523.7890625,1250451900.0,False,ニフコ,プライム（内国株式）,化学
7989.T,117953010.0,105319950.0,False,立川ブラインド工業,プライム（内国株式）,金属製品
7990.T,175894704.35058594,158025200.0,False,グローブライド,プライム（内国株式）,その他製品
7991.T,4636610.0,3837750.0,True,マミヤ・オーピー,スタンダード（内国株式）,機械
7992.T,3172330.0,2327100.0,True,セーラー万年筆,スタンダード（内国株式）,その他製品
7994.T,610098419.8046875,589855300.0,False,オカムラ,プライム（内国株式）,その他製品
7995.T,493692128.92578125,432655500.0,False,バルカー,プライム（内国株式）,化学
7997.T,6426810.0,6065400.0,True,くろがね工作所,スタンダード（内国株式）,その他製品
8001.T,34687015549.4043,33695438475.0,False,伊藤忠商事,プライム（内国株式）,卸売業
8002.T,23567546431.972656,20690774350.0,False,丸紅,プライム（内国株式）,卸売業
8005.T,307417666.4355469,279986650.0,False,スクロール,プライム（内国株式）,小売業
8006.T,3311980.0,2214900.0,True,ユアサ・フナショク,スタンダード（内国株式）,卸売業
8007.T,115770892.21008301,99384950.0,True,高島,プライム（内国株式）,卸売業
8008.T,174693800.0,165295200.0,False,ヨンドシーホールディングス,プライム（内国株式）,小売業
8011.T,305142160.0,204291650.0,False,三陽商会,プライム（内国株式）,繊維製品
8012.T,1147989007.2253418,1127222711.126709,False,長瀬産業,プライム（内国株式）,卸売業
8013.T,2001780.0,1385100.0,True,ナイガイ,スタンダード（内国株式）,繊維製品
8014.T,129099986.07910156,129009000.0,False,蝶理,プライム（内国株式）,卸売業
8015.T,15891576423.34961,15669787316.748047,False,豊田通商,プライム（内国株式）,卸売業
8016.T,483508750.0,491788800.0,False,オンワードホールディングス,プライム（内国株式）,繊維製品
8018.T,32449260.447998047,33221850.0,True,三共生興,スタンダード（内国株式）,卸売業
8020.T,1444362339.3164062,1470385200.0,False,兼松,プライム（内国株式）,卸売業
8022.T,1079740763.359375,989290000.0,False,美津濃,プライム（内国株式）,その他製品
8023.T,31879193.65234375,9911800.0,True,ＤＡＩＫＯ　ＸＴＥＣＨ,スタンダード（内国株式）,情報・通信業
8025.T,10701160.0,3422650.0,True,ツカモトコーポレーション,スタンダード（内国株式）,卸売業
8029.T,29707390.0,29614700.0,True,ルックホールディングス,スタンダード（内国株式）,繊維製品
8030.T,4842750.0,3325000.0,True,中央魚類,スタンダード（内国株式）,卸売業
8031.T,29138558803.30078,29144112550.0,False,三井物産,プライム（内国株式）,卸売業
8032.T,295782435.2294922,300186050.0,False,日本紙パルプ商事,プライム（内国株式）,卸売業
8035.T,178615169478.4668,190299373642.33398,False,東京エレクトロン,プライム（内国株式）,電気機器
8037.T,394244573.81347656,353449750.0,False,カメイ,プライム（内国株式）,卸売業
8039.T,4742550.0,4526000.0,True,築地魚市場,スタンダード（内国株式）,卸売業
8040.T,1418580.0,1367600.0,True,東京ソワール,スタンダード（内国株式）,繊維製品
8041.T,25643050.0,21860000.0,True,ＯＵＧホールディングス,スタンダード（内国株式）,卸売業
8043.T,398995978.22021484,250133400.0,False,スターゼン,プライム（内国株式）,卸売業
8045.T,2352807.4609375,1312850.0,True,横浜丸魚,スタンダード（内国株式）,卸売業
8046.T,16703700.0,12748600.0,True,丸藤シートパイル,スタンダード（内国株式）,卸売業
8050.T,4263375109.765625,4315981173.828125,False,セイコーグループ,プライム（内国株式）,精密機器
8051.T,456374610.0,437571350.0,False,山善,プライム（内国株式）,卸売業
8052.T,228891912.74414062,168126050.0,False,椿本興業,プライム（内国株式）,卸売業
8053.T,17052380740.161133,17305924975.805664,False,住友商事,プライム（内国株式）,卸売業
8056.T,1759277043.4179688,1684620700.0,False,ＢＩＰＲＯＧＹ,プライム（内国株式）,情報・通信業
8057.T,288729470.0,288051550.0,False,内田洋行,プライム（内国株式）,卸売業
8058.T,35797482644.88281,36085831874.41406,False,三菱商事,プライム（内国株式）,卸売業
8059.T,446935552.3730469,244779500.0,False,第一実業,プライム（内国株式）,卸売業
8060.T,1221686240.0,1156660300.0,False,キヤノンマーケティングジャパン,プライム（内国株式）,卸売業
8061.T,360624242.17529297,346806850.0,False,西華産業,プライム（内国株式）,卸売業
8065.T,297068163.3544922,289775900.0,False,佐藤商事,プライム（内国株式）,卸売業
8066.T,78024805.92529297,75231479.62646484,True,三谷商事,スタンダード（内国株式）,卸売業
8070.T,100532784.98046875,86910524.90234375,True,東京産業,プライム（内国株式）,卸売業
8074.T,210738578.0517578,209853000.0,False,ＹＵＡＳＡ,プライム（内国株式）,卸売業
8075.T,182057352.35839844,184118111.7919922,False,神鋼商事,プライム（内国株式）,卸売業
8076.T,11836390.549316406,10227300.0,True,カノークス,スタンダード（内国株式）,卸売業
8077.T,2015940.0,2268400.0,True,トルク,スタンダード（内国株式）,卸売業
8078.T,830974914.6362305,773284800.0,False,阪和興業,プライム（内国株式）,卸売業
8079.T,343949050.0,378634250.0,False,正栄食品工業,プライム（内国株式）,卸売業
8081.T,146592021.66992188,105534000.0,False,カナデン,プライム（内国株式）,卸売業
8084.T,217546965.44921875,230171700.0,False,ＲＹＯＤＥＮ,プライム（内国株式）,卸売業
8085.T,14679750.0,12845000.0,True,ナラサキ産業,スタンダード（内国株式）,卸売業
8086.T,1245658620.2807617,1189889000.0,False,ニプロ,プライム（内国株式）,精密機器
8088.T,1331848903.9453125,1400642775.0,False,岩谷産業,プライム（内国株式）,卸売業
8089.T,11047363.466796875,2778500.0,True,ナイス,スタンダード（内国株式）,卸売業
8091.T,35371792.341308594,29969111.70654297,True,ニチモウ,プライム（内国株式）,卸売業
8093.T,61885317.18261719,59789935.91308594,True,極東貿易,プライム（内国株式）,卸売業
8095.T,70147400.0,62506800.0,True,アステナホールディングス,プライム（内国株式）,卸売業
8097.T,284914865.56640625,277900400.0,False,三愛オブリ,プライム（内国株式）,卸売業
8098.T,521151221.66015625,539834000.0,False,稲畑産業,プライム（内国株式）,卸売業
8101.T,107054050.0,99548950.0,True,ＧＳＩクレオス,プライム（内国株式）,卸売業
8103.T,174945930.0,142849700.0,False,明和産業,プライム（内国株式）,卸売業
8104.T,14552990.0,14071300.0,True,クワザワホールディングス,スタンダード（内国株式）,卸売業
8105.T,80228150.0,67463600.0,True,Ｂｉｔｃｏｉｎ　Ｊａｐａｎ,スタンダード（内国株式）,卸売業
8107.T,4256330.0,3202250.0,True,キムラタン,スタンダード（内国株式）,繊維製品
8111.T,864076151.7236328,821527125.0,False,ゴールドウイン,プライム（内国株式）,繊維製品
8113.T,4530383700.632324,4538213124.725342,False,ユニ・チャーム,プライム（内国株式）,化学
8115.T,1447472.822265625,1255600.0,True,ムーンバット,スタンダード（内国株式）,卸売業
8117.T,790765709.5703125,607486000.0,False,中央自動車工業,スタンダード（内国株式）,卸売業
8118.T,2515780.0,819400.0,True,キング,スタンダード（内国株式）,繊維製品
8119.T,1098617.63671875,942000.0,True,三栄コーポレーション,スタンダード（内国株式）,卸売業
8123.T,655200.0,488800.0,True,川辺,スタンダード（内国株式）,卸売業
8125.T,231783320.0,228520600.0,False,ワキタ,プライム（内国株式）,卸売業
8127.T,6012740.0,6220600.0,True,ヤマトインターナショナル,スタンダード（内国株式）,繊維製品
8129.T,789217095.7763672,634475450.0,False,東邦ホールディングス,プライム（内国株式）,卸売業
8130.T,425958737.5732422,412796437.86621094,False,サンゲツ,プライム（内国株式）,卸売業
8131.T,143466550.0,136650000.0,False,ミツウロコグループホールディングス,スタンダード（内国株式）,卸売業
8132.T,56917100.0,52736500.0,True,シナネンホールディングス,プライム（内国株式）,卸売業
8133.T,285094956.4453125,301379850.0,False,伊藤忠エネクス,プライム（内国株式）,卸売業
8135.T,9134840.0,6125350.0,True,ゼット,スタンダード（内国株式）,卸売業
8136.T,13983268239.976807,13146039875.0,False,サンリオ,プライム（内国株式）,卸売業
8137.T,232972957.2265625,220960000.0,False,サンワテクノス,プライム（内国株式）,卸売業
8138.T,943943.896484375,815469.482421875,True,三京化成,スタンダード（内国株式）,卸売業
8139.T,14742810.0,12228000.0,True,ナガホリ,スタンダード（内国株式）,卸売業
8141.T,52349780.0,54001600.0,True,新光商事,プライム（内国株式）,卸売業
8142.T,132372910.0,130148350.0,False,トーホー,プライム（内国株式）,卸売業
8143.T,12700940.0,5988000.0,True,ラピーヌ,スタンダード（内国株式）,繊維製品
8144.T,19758634.407958984,503200.0,True,デンキョーグループホールディングス,スタンダード（内国株式）,卸売業
8147.T,2630800.0,2453600.0,True,トミタ,スタンダード（内国株式）,卸売業
8150.T,127212979.6508789,126364398.25439453,False,三信電気,プライム（内国株式）,卸売業
8151.T,293865748.4277344,279664950.0,False,東陽テクニカ,プライム（内国株式）,卸売業
8152.T,14655400.0,8739000.0,True,ソマール,スタンダード（内国株式）,卸売業
8153.T,839559568.9892578,544972750.0,False,モスフードサービス,プライム（内国株式）,卸売業
8154.T,1101474535.4492188,845941000.0,False,加賀電子,プライム（内国株式）,卸売業
8157.T,270220762.7636719,190952500.0,False,都築電気,プライム（内国株式）,情報・通信業
8158.T,57194372.154541016,60322960.77270508,True,ソーダニッカ,プライム（内国株式）,卸売業
8159.T,150142490.86914062,134795000.0,False,立花エレテック,プライム（内国株式）,卸売業
8160.T,452356641.3989258,274585700.0,False,木曽路,プライム（内国株式）,小売業
8163.T,343520960.0,274503200.0,False,ＳＲＳホールディングス,プライム（内国株式）,小売業
8165.T,21198730.0,20506750.0,True,千趣会,スタンダード（内国株式）,小売業
8166.T,4343040.0,3455400.0,True,タカキュー,スタンダード（内国株式）,小売業
8167.T,90409050.0,90222300.0,True,リテールパートナーズ,プライム（内国株式）,小売業
8173.T,1033459981.25,771274500.0,False,Ｊｏｓｈｉｎ,プライム（内国株式）,小売業
8174.T,1172254653.6383057,1108544247.9492188,False,日本瓦斯,プライム（内国株式）,小売業
8179.T,310578950.0,323465800.0,False,ロイヤルホールディングス,プライム（内国株式）,小売業
8181.T,2797300.0,1835400.0,True,東天紅,スタンダード（内国株式）,小売業
8185.T,109959350.0,96600100.0,True,チヨダ,プライム（内国株式）,小売業
8194.T,642555580.0,586213000.0,False,ライフコーポレーション,プライム（内国株式）,小売業
8198.T,43591450.0,41854750.0,True,マックスバリュ東海,スタンダード（内国株式）,小売業
8200.T,144636360.0,138819100.0,False,リンガーハット,プライム（内国株式）,小売業
8202.T,9899390.0,8968600.0,True,ラオックスホールディングス,スタンダード（内国株式）,小売業
8203.T,82547490.0,55305450.0,True,ＭｒＭａｘＨＤ,プライム（内国株式）,小売業
8207.T,14410930.0,6380000.0,True,テンアライド,スタンダード（内国株式）,小売業
8214.T,377699923.5070801,322077300.0,False,ＡＯＫＩホールディングス,プライム（内国株式）,小売業
8217.T,115734970.0,78745600.0,True,オークワ,プライム（内国株式）,小売業
8218.T,335282841.9970703,331971750.0,False,コメリ,プライム（内国株式）,小売業
8219.T,552172604.2602539,538819050.0,False,青山商事,プライム（内国株式）,小売業
8225.T,918700.0,370750.0,True,タカチホ,スタンダード（内国株式）,卸売業
8226.T,27857650.0,23070350.0,True,理経,スタンダード（内国株式）,卸売業
8227.T,3058650060.0,2473607200.0,False,しまむら,プライム（内国株式）,小売業
8230.T,5651540.4443359375,3654350.0,True,はせがわ,スタンダード（内国株式）,小売業
8233.T,3303240960.0,3150154200.0,False,高島屋,プライム（内国株式）,小売業
8237.T,505375730.0,469487800.0,False,松屋,プライム（内国株式）,小売業
8242.T,1230084502.5170898,1151838125.0,False,エイチ・ツー・オー　リテイリング,プライム（内国株式）,小売業
8244.T,62527320.0,65156400.0,True,近鉄百貨店,スタンダード（内国株式）,小売業
8247.T,9550340.0,4276900.0,True,大和,スタンダード（内国株式）,小売業
8252.T,2685015236.3671875,2713301625.0,False,丸井グループ,プライム（内国株式）,小売業
8253.T,3656368840.0,3535805000.0,False,クレディセゾン,プライム（内国株式）,その他金融業
8254.T,14803310.0,11882250.0,True,さいか屋,スタンダード（内国株式）,小売業
8255.T,303626450.3613281,270145800.0,False,アクシアル　リテイリング,プライム（内国株式）,小売業
8260.T,5182520.0,4400700.0,True,井筒屋,スタンダード（内国株式）,小売業
8267.T,15175637735.0,15235501475.0,False,イオン,プライム（内国株式）,小売業
8273.T,341297800.0,355267150.0,False,イズミ,プライム（内国株式）,小売業
8275.T,82639720.0,55914400.0,True,フォーバル,スタンダード（内国株式）,卸売業
8276.T,354716670.0,303273500.0,False,平和堂,プライム（内国株式）,小売業
8278.T,262234830.0,219697700.0,False,フジ,プライム（内国株式）,小売業
8281.T,206880238.79882812,141629700.0,False,ゼビオホールディングス,プライム（内国株式）,小売業
8282.T,2375235625.8654785,1746670875.0,False,ケーズホールディングス,プライム（内国株式）,小売業
8285.T,53781718.42224121,50055750.0,True,三谷産業,スタンダード（内国株式）,卸売業
8291.T,47425358.15185547,44027590.759277344,True,日産東京販売ホールディングス,スタンダード（内国株式）,小売業
8303.T,4793066446.706543,5294677325.0,False,ＳＢＩ新生銀行,プライム（内国株式）,銀行業
8304.T,4137072830.0,4160592200.0,False,あおぞら銀行,プライム（内国株式）,銀行業
8306.T,152050557141.57715,146256099200.0,False,三菱ＵＦＪフィナンシャル・グループ,プライム（内国株式）,銀行業
8308.T,26101240395.649414,25192648250.0,False,りそなホールディングス,プライム（内国株式）,銀行業
8309.T,17572730867.79785,16080809138.989258,False,三井住友トラストグループ,プライム（内国株式）,銀行業
8316.T,83339062018.90625,85355565600.0,False,三井住友フィナンシャルグループ,プライム（内国株式）,銀行業
8331.T,8133649504.521484,8135608000.0,False,千葉銀行,プライム（内国株式）,銀行業
8334.T,4473196487.578125,4297001375.0,False,群馬銀行,プライム（内国株式）,銀行業
8336.T,834251757.8125,820877950.0,False,武蔵野銀行,プライム（内国株式）,銀行業
8337.T,396607210.0,413948400.0,False,千葉興業銀行,プライム（内国株式）,銀行業
8338.T,1780128430.0,1793568600.0,False,筑波銀行,プライム（内国株式）,銀行業
8341.T,3226145437.1484375,3114429400.0,False,七十七銀行,プライム（内国株式）,銀行業
8343.T,2459371475.6152344,2170455000.0,False,秋田銀行,プライム（内国株式）,銀行業
8344.T,1289461824.21875,1167250500.0,False,山形銀行,プライム（内国株式）,銀行業
8345.T,1664087680.7714844,1644675350.0,False,岩手銀行,プライム（内国株式）,銀行業
8346.T,1691511568.1774902,1631686800.0,False,東邦銀行,プライム（内国株式）,銀行業
8349.T,52961131.693115234,52646400.0,True,東北銀行,スタンダード（内国株式）,銀行業
8354.T,7664470346.293945,7115238581.469727,False,ふくおかフィナンシャルグループ,プライム（内国株式）,銀行業
8358.T,3535737159.921875,3189638200.0,False,スルガ銀行,プライム（内国株式）,銀行業
8359.T,4274121258.7890625,3842899375.0,False,八十二長野銀行,プライム（内国株式）,銀行業
8360.T,1050982523.5705566,1089002500.0,False,山梨中央銀行,プライム（内国株式）,銀行業
8361.T,1907790459.2834473,1796291000.0,False,大垣共立銀行,プライム（内国株式）,銀行業
8362.T,1215981180.7373047,1101694500.0,False,福井銀行,プライム（内国株式）,銀行業
8364.T,149207850.0,124829500.0,False,清水銀行,プライム（内国株式）,銀行業
8365.T,21160823.720703125,20546100.0,True,富山銀行,スタンダード（内国株式）,銀行業
8366.T,2047985631.135254,2068397500.0,False,滋賀銀行,プライム（内国株式）,銀行業
8367.T,771086822.8857422,863180100.0,False,南都銀行,プライム（内国株式）,銀行業
8368.T,2284128869.4677734,2264616350.0,False,百五銀行,プライム（内国株式）,銀行業
8370.T,888373412.5646973,931755425.7568359,False,紀陽銀行,プライム（内国株式）,銀行業
8377.T,5805392208.032227,5063325712.200928,False,ほくほくフィナンシャルグループ,プライム（内国株式）,銀行業
8381.T,1486054386.2792969,1509282150.0,False,山陰合同銀行,プライム（内国株式）,銀行業
8383.T,47570321.69921875,54182600.0,True,鳥取銀行,スタンダード（内国株式）,銀行業
8386.T,1006655516.0302734,961630330.1513672,False,百十四銀行,プライム（内国株式）,銀行業
8387.T,1708977747.734375,1549620200.0,False,四国銀行,プライム（内国株式）,銀行業
8388.T,1789307896.875,1796953800.0,False,阿波銀行,プライム（内国株式）,銀行業
8392.T,780603093.125,790888750.0,False,大分銀行,プライム（内国株式）,銀行業
8393.T,1129516925.0146484,1041116400.0,False,宮崎銀行,プライム（内国株式）,銀行業
8395.T,439241516.9189453,441365500.0,False,佐賀銀行,プライム（内国株式）,銀行業
8399.T,557318145.3393555,512479150.0,False,琉球銀行,プライム（内国株式）,銀行業
8410.T,1529474606.4172363,1506017985.4156494,False,セブン銀行,プライム（内国株式）,銀行業
8411.T,85706185666.34766,83001905900.0,False,みずほフィナンシャルグループ,プライム（内国株式）,銀行業
8416.T,46962726.88232422,41739650.0,True,高知銀行,スタンダード（内国株式）,銀行業
8418.T,2208247317.4902344,2243916587.451172,False,山口フィナンシャルグループ,プライム（内国株式）,銀行業
8424.T,1068749367.1875,1005680085.9375,False,芙蓉総合リース,プライム（内国株式）,その他金融業
8425.T,887500992.5976562,915585250.0,False,みずほリース,プライム（内国株式）,その他金融業
8439.T,2042674391.381836,1892526581.9091797,False,東京センチュリー,プライム（内国株式）,その他金融業
8473.T,10384491429.448242,9542846050.0,False,ＳＢＩホールディングス,プライム（内国株式）,証券、商品先物取引業
8508.T,559118900.0,403400200.0,False,Ｊトラスト,スタンダード（内国株式）,その他金融業
8511.T,825103269.7753906,734520600.0,False,日本証券金融,プライム（内国株式）,その他金融業
8518.T,3911000.0,3374000.0,True,日本アジア投資,スタンダード（内国株式）,証券、商品先物取引業
8522.T,1041700955.3125,989379776.5625,False,名古屋銀行,プライム（内国株式）,銀行業
8524.T,2080465616.878662,1981174834.3933105,False,北洋銀行,プライム（内国株式）,銀行業
8537.T,125781541.36230469,120641250.0,False,大光銀行,スタンダード（内国株式）,銀行業
8541.T,807068516.6064453,741386550.0,False,愛媛銀行,プライム（内国株式）,銀行業
8542.T,95649734.8413086,85174150.0,True,トマト銀行,スタンダード（内国株式）,銀行業
8544.T,1093473410.1708984,1124981100.0,False,京葉銀行,プライム（内国株式）,銀行業
8550.T,1097109625.6469727,1095694400.0,False,栃木銀行,プライム（内国株式）,銀行業
8551.T,505878735.22216797,504202150.0,False,北日本銀行,プライム（内国株式）,銀行業
8558.T,343151180.0,339980050.0,False,東和銀行,プライム（内国株式）,銀行業
8562.T,119217750.0,122314050.0,False,福島銀行,スタンダード（内国株式）,銀行業
8563.T,93296210.0,95900000.0,True,大東銀行,スタンダード（内国株式）,銀行業
8566.T,425205840.41015625,380833602.05078125,False,リコーリース,プライム（内国株式）,その他金融業
8570.T,1077296055.0,1012289650.0,False,イオンフィナンシャルサービス,プライム（内国株式）,その他金融業
8572.T,1039201224.2718506,987702007.0373535,False,アコム,スタンダード（内国株式）,その他金融業
8584.T,699581537.9272461,716451000.0,False,ジャックス,プライム（内国株式）,その他金融業
8585.T,598019090.0,604591100.0,False,オリエントコーポレーション,プライム（内国株式）,その他金融業
8591.T,22490003212.197266,22386198382.373047,False,オリックス,プライム（内国株式）,その他金融業
8593.T,7153680198.664551,7202319250.0,False,三菱ＨＣキャピタル,プライム（内国株式）,その他金融業
8595.T,1018337857.4658203,1018620900.0,False,ジャフコ　グループ,プライム（内国株式）,証券、商品先物取引業
8596.T,51445387.3828125,50570100.0,True,九州リースサービス,スタンダード（内国株式）,その他金融業
8600.T,671065958.1787109,610753200.0,False,トモニホールディングス,プライム（内国株式）,銀行業
8601.T,11533588805.0,11111271275.0,False,大和証券グループ本社,プライム（内国株式）,証券、商品先物取引業
8604.T,14732309905.0,14794782500.0,False,野村ホールディングス,プライム（内国株式）,証券、商品先物取引業
8609.T,582476230.0,597912950.0,False,岡三証券グループ,プライム（内国株式）,証券、商品先物取引業
8613.T,342265970.5004883,324740952.5024414,False,丸三証券,プライム（内国株式）,証券、商品先物取引業
8614.T,302911150.0,290051700.0,False,東洋証券,プライム（内国株式）,証券、商品先物取引業
8616.T,1339734380.4541016,1223564650.0,False,東海東京フィナンシャル・ホールディングス,プライム（内国株式）,証券、商品先物取引業
8617.T,3222390.0,2979700.0,True,光世証券,スタンダード（内国株式）,証券、商品先物取引業
8622.T,301040859.67163086,287009100.0,False,水戸証券,プライム（内国株式）,証券、商品先物取引業
8624.T,283842514.2529297,278078921.26464844,False,いちよし証券,プライム（内国株式）,証券、商品先物取引業
8628.T,1516960908.6132812,1165357800.0,False,松井証券,プライム（内国株式）,証券、商品先物取引業
8630.T,15798528760.67871,15799809803.393555,False,ＳＯＭＰＯホールディングス,プライム（内国株式）,保険業
8697.T,7714356832.233887,7294154950.0,False,日本取引所グループ,プライム（内国株式）,その他金融業
8698.T,1123541798.5003662,1100679900.0,False,マネックスグループ,プライム（内国株式）,証券、商品先物取引業
8699.T,56870180.0,41849300.0,True,ＨＳホールディングス,スタンダード（内国株式）,証券、商品先物取引業
8700.T,4069510.0,3169950.0,True,丸八証券,スタンダード（内国株式）,証券、商品先物取引業
8704.T,133033162.35717773,128347061.78588867,False,トレイダーズホールディングス,スタンダード（内国株式）,証券、商品先物取引業
8705.T,21477690.104370117,20100850.521850586,True,日産証券グループ,スタンダード（内国株式）,証券、商品先物取引業
8706.T,323877357.8796387,326514489.39819336,False,極東証券,プライム（内国株式）,証券、商品先物取引業
8707.T,487841582.03125,499884750.0,False,岩井コスモホールディングス,プライム（内国株式）,証券、商品先物取引業
8708.T,301294826.45996094,292450782.2998047,False,アイザワ証券グループ,プライム（内国株式）,証券、商品先物取引業
8713.T,259215402.5,258910262.5,False,フィデアホールディングス,プライム（内国株式）,銀行業
8714.T,1447638854.8950195,1410162800.0,False,池田泉州ホールディングス,プライム（内国株式）,銀行業
8715.T,338133520.0,318498000.0,False,アニコム　ホールディングス,プライム（内国株式）,保険業
8725.T,22989067090.874023,23200659354.370117,False,ＭＳ＆ＡＤインシュアランスグループホールディングス,プライム（内国株式）,保険業
8729.T,9354341767.30896,9217455112.622833,False,ソニーフィナンシャルグループ,プライム（内国株式）,保険業
8737.T,31311210.0,25888800.0,True,あかつき本社,スタンダード（内国株式）,証券、商品先物取引業
8739.T,418868294.8486328,322766000.0,False,スパークス・グループ,プライム（内国株式）,証券、商品先物取引業
8742.T,3301000.0,2557150.0,True,小林洋行,スタンダード（内国株式）,証券、商品先物取引業
8746.T,213899450.0,85904400.0,True,ｕｎｂａｎｋｅｄ,スタンダード（内国株式）,証券、商品先物取引業
8747.T,17919780.0,18773500.0,True,豊トラスティ証券,スタンダード（内国株式）,証券、商品先物取引業
8750.T,19921612895.004883,17225866575.0,False,第一ライフグループ,プライム（内国株式）,保険業
8766.T,54585593377.83905,54485308118.49365,False,東京海上ホールディングス,プライム（内国株式）,保険業
8769.T,19235150.0,13989750.0,True,アドバンテッジリスクマネジメント,スタンダード（内国株式）,サービス業
8771.T,265221530.53955078,259707150.0,False,イー・ギャランティ,プライム（内国株式）,その他金融業
8772.T,7907910.0,7026000.0,True,アサックス,スタンダード（内国株式）,その他金融業
8783.T,13790450.0,12619050.0,True,ａｂｃ,スタンダード（内国株式）,その他金融業
8789.T,161453433.3479309,158385600.0,False,フィンテック　グローバル,スタンダード（内国株式）,その他金融業
8793.T,102107955.40039062,92755250.0,True,ＮＥＣキャピタルソリューション,プライム（内国株式）,その他金融業
8795.T,6936532665.673828,6732823828.369141,False,Ｔ＆Ｄホールディングス,プライム（内国株式）,保険業
8798.T,55072820.0,35016600.0,True,アドバンスクリエイト,プライム（内国株式）,保険業
8801.T,14917102844.338379,15347439971.691895,False,三井不動産,プライム（内国株式）,不動産業
8802.T,12825251343.400879,12250226900.0,False,三菱地所,プライム（内国株式）,不動産業
8803.T,566950378.3544922,555199500.0,False,平和不動産,プライム（内国株式）,不動産業
8804.T,3270567790.0,3160235250.0,False,東京建物,プライム（内国株式）,不動産業
8818.T,682319514.9169922,512577800.0,False,京阪神ビルディング,プライム（内国株式）,不動産業
8830.T,9319117463.598633,9348771750.0,False,住友不動産,プライム（内国株式）,不動産業
8835.T,13886570.0,12354000.0,True,太平洋興発,スタンダード（内国株式）,卸売業
8836.T,2096120.0,1032200.0,True,ＲＩＳＥ,スタンダード（内国株式）,不動産業
8841.T,88020569.48425293,79980000.0,True,テーオーシー,スタンダード（内国株式）,不動産業
8844.T,49166644.04296875,43389670.21484375,True,コスモスイニシア,スタンダード（内国株式）,不動産業
8848.T,3396723140.0,3103613050.0,False,レオパレス２１,プライム（内国株式）,不動産業
8850.T,349819089.6435547,341308000.0,False,スターツコーポレーション,プライム（内国株式）,不動産業
8860.T,59009648.47229004,55785500.0,True,フジ住宅,プライム（内国株式）,不動産業
8864.T,77836368.52050781,73016650.0,True,空港施設,スタンダード（内国株式）,不動産業
8869.T,56719220.0,50242600.0,True,明和地所,スタンダード（内国株式）,不動産業
8871.T,190415057.2705078,167172300.0,False,ゴールドクレスト,スタンダード（内国株式）,不動産業
8876.T,1171118304.008789,1176421975.0,False,リログループ,プライム（内国株式）,サービス業
8877.T,233944683.96484375,252094000.0,False,エスリード,プライム（内国株式）,不動産業
8881.T,82614970.0,73981250.0,True,日神グループホールディングス,プライム（内国株式）,不動産業
8887.T,22814840.0,19270650.0,True,シーラホールディングス,スタンダード（内国株式）,不動産業
8891.T,7788840.0,6373600.0,True,ＡＭＧホールディングス,スタンダード（内国株式）,不動産業
8892.T,243576260.0,213958450.0,False,エスコン,プライム（内国株式）,不動産業
8894.T,16231010.0,11424700.0,True,ＲＥＶＯＬＵＴＩＯＮ,スタンダード（内国株式）,不動産業
8897.T,369795161.3763428,232683700.0,False,ＭＩＲＡＲＴＨホールディングス,プライム（内国株式）,不動産業
8898.T,5047712.265625,4846761.328125,True,センチュリー２１・ジャパン,スタンダード（内国株式）,不動産業
8904.T,7570370.0,5181850.0,True,ＡＶＡＮＴＩＡ,スタンダード（内国株式）,不動産業
8908.T,4056890.0,4289400.0,True,毎日コムネット,スタンダード（内国株式）,不動産業
8912.T,3955040.0,3960800.0,True,エリアクエスト,スタンダード（内国株式）,不動産業
8914.T,80341530.0,61763700.0,True,エリアリンク,スタンダード（内国株式）,不動産業
8917.T,38006610.0,33081400.0,True,ファースト住建,スタンダード（内国株式）,不動産業
8918.T,2804733960.0,2890960150.0,False,ランド,スタンダード（内国株式）,不動産業
8919.T,662701733.2568359,628347500.0,False,カチタス,プライム（内国株式）,不動産業
8920.T,57683070.0,51309100.0,True,東祥,スタンダード（内国株式）,サービス業
8923.T,666208420.0,531197950.0,False,トーセイ,プライム（内国株式）,不動産業
8927.T,74355900.0,72772050.0,True,明豊エンタープライズ,スタンダード（内国株式）,不動産業
8928.T,13005010.0,10032900.0,True,穴吹興産,スタンダード（内国株式）,不動産業
8929.T,65779180.0,68092700.0,True,青山財産ネットワークス,スタンダード（内国株式）,不動産業
8931.T,20334510.0,10869650.0,True,和田興産,スタンダード（内国株式）,不動産業
8934.T,459560686.4453125,467611750.0,False,サンフロンティア不動産,プライム（内国株式）,不動産業
8935.T,117527326.38671875,112067650.0,False,ＦＪネクストホールディングス,プライム（内国株式）,不動産業
8938.T,3184360.0,1341500.0,True,グローム・ホールディングス,グロース（内国株式）,不動産業
8944.T,43083358.291015625,17940600.0,True,ランドビジネス,スタンダード（内国株式）,不動産業
8945.T,3862460.0,2664300.0,True,サンネクスタグループ,スタンダード（内国株式）,不動産業
8946.T,4345610.0,2952600.0,True,ＡＳＩＡＮ　ＳＴＡＲ,スタンダード（内国株式）,不動産業
8995.T,354500100.0,178607350.0,False,誠建設工業,スタンダード（内国株式）,不動産業
8996.T,2127510.0,1941200.0,True,ハウスフリーダム,スタンダード（内国株式）,不動産業
8999.T,26158260.0,25354500.0,True,グランディハウス,プライム（内国株式）,不動産業
9001.T,2522756195.8813477,1812672675.0,False,東武鉄道,プライム（内国株式）,陸運業
9003.T,1510135750.8374023,998792200.0,False,相鉄ホールディングス,プライム（内国株式）,陸運業
9005.T,4760190820.854492,4856406425.0,False,東急,プライム（内国株式）,陸運業
9006.T,1946772093.2214355,1903303866.1071777,False,京浜急行電鉄,プライム（内国株式）,陸運業
9007.T,2781486590.246582,2560982475.0,False,小田急電鉄,プライム（内国株式）,陸運業
9008.T,1674955576.8823242,1452073920.4040527,False,京王電鉄,プライム（内国株式）,陸運業
9009.T,2474764683.746338,2226725543.7316895,False,京成電鉄,プライム（内国株式）,陸運業
9010.T,547306700.0,502606150.0,False,富士急行,プライム（内国株式）,陸運業
9012.T,3025210.0,311850.0,True,秩父鉄道,スタンダード（内国株式）,陸運業
9017.T,2497070.0,1292000.0,True,新潟交通,スタンダード（内国株式）,陸運業
9020.T,10352325903.261719,10621356050.0,False,東日本旅客鉄道,プライム（内国株式）,陸運業
9021.T,6483285802.792969,6320763175.0,False,西日本旅客鉄道,プライム（内国株式）,陸運業
9022.T,8745438476.65039,8793654933.251953,False,東海旅客鉄道,プライム（内国株式）,陸運業
9023.T,2616073310.2648926,2464155775.0,False,東京地下鉄,プライム（内国株式）,陸運業
9024.T,4586740517.651367,4368057438.256836,False,西武ホールディングス,プライム（内国株式）,陸運業
9025.T,229319330.57861328,235925700.0,False,鴻池運輸,プライム（内国株式）,陸運業
9028.T,74358300.0,83996500.0,True,ゼロ,スタンダード（内国株式）,陸運業
9029.T,10329330.0,9341400.0,True,ヒガシホールディングス,スタンダード（内国株式）,陸運業
9031.T,1321288353.5009766,737603400.0,False,西日本鉄道,プライム（内国株式）,陸運業
9033.T,10423590.0,9501300.0,True,広島電鉄,スタンダード（内国株式）,陸運業
9034.T,4769702.341308594,3928950.0,True,南総通運,スタンダード（内国株式）,陸運業
9036.T,10755847.546386719,6102350.0,True,東部ネットワーク,スタンダード（内国株式）,陸運業
9037.T,234647229.6826172,220310250.0,False,ハマキョウレックス,プライム（内国株式）,陸運業
9039.T,337827425.01708984,231986400.0,False,サカイ引越センター,プライム（内国株式）,陸運業
9041.T,3711294878.7304688,3347478000.0,False,近鉄グループホールディングス,プライム（内国株式）,陸運業
9042.T,6869051909.580078,6428985250.0,False,阪急阪神ホールディングス,プライム（内国株式）,陸運業
9044.T,2277975825.888672,1194120150.0,False,ＮＡＮＫＡＩ,プライム（内国株式）,陸運業
9045.T,1206520870.0,1205143300.0,False,京阪ホールディングス,プライム（内国株式）,陸運業
9046.T,42516750.0,38854900.0,True,神戸電鉄,スタンダード（内国株式）,陸運業
9048.T,2786062155.0,1693022725.0,False,名古屋鉄道,プライム（内国株式）,陸運業
9049.T,2261300.0,644000.0,True,京福電気鉄道,スタンダード（内国株式）,陸運業
9051.T,3356601.5234375,2816250.0,True,センコン物流,スタンダード（内国株式）,陸運業
9052.T,109655031.18164062,87710800.0,True,山陽電気鉄道,プライム（内国株式）,陸運業
9057.T,5226450.60546875,4869603.02734375,True,遠州トラック,スタンダード（内国株式）,陸運業
9059.T,2470114.9963378906,2126250.0,True,カンダホールディングス,スタンダード（内国株式）,陸運業
9060.T,1292250.0,1043250.0,True,日本ロジテム,スタンダード（内国株式）,陸運業
9063.T,3115800.0,2440000.0,True,岡山県貨物運送,スタンダード（内国株式）,陸運業
9064.T,2650867693.8830566,2599412300.0,False,ヤマトホールディングス,プライム（内国株式）,陸運業
9065.T,1579775448.0322266,1587614790.1611328,False,山九,プライム（内国株式）,陸運業
9068.T,251621073.02246094,244728750.0,False,丸全昭和運輸,プライム（内国株式）,陸運業
9069.T,898236658.7158203,888777050.0,False,センコーグループホールディングス,プライム（内国株式）,陸運業
9072.T,2045084992.5292969,1329026500.0,False,ニッコンホールディングス,プライム（内国株式）,陸運業
9073.T,699750.0,318750.0,True,京極運輸商事,スタンダード（内国株式）,陸運業
9074.T,14210434.067382812,12564250.0,True,日本石油輸送,スタンダード（内国株式）,陸運業
9075.T,513737827.32910156,469294000.0,False,福山通運,プライム（内国株式）,陸運業
9076.T,984506214.6850586,986983800.0,False,セイノーホールディングス,プライム（内国株式）,陸運業
9081.T,82753425.31982422,68591126.5991211,True,神奈川中央交通,プライム（内国株式）,陸運業
9082.T,52879753.515625,19203250.0,True,大和自動車交通,スタンダード（内国株式）,陸運業
9083.T,9017417.861328125,8082900.0,True,神姫バス,スタンダード（内国株式）,陸運業
9087.T,185000.0,0.0,True,タカセ,スタンダード（内国株式）,陸運業
9090.T,518986163.53515625,485382700.0,False,ＡＺ－ＣＯＭ丸和ホールディングス,プライム（内国株式）,陸運業
9101.T,17381502848.42285,17136337050.0,False,日本郵船,プライム（内国株式）,海運業
9104.T,16680931438.237305,17355732391.186523,False,商船三井,プライム（内国株式）,海運業
9107.T,10839589019.223633,11941963546.118164,False,川崎汽船,プライム（内国株式）,海運業
9110.T,917615800.0,822772500.0,False,ＮＳユナイテッド海運,プライム（内国株式）,海運業
9115.T,22675430.0,19045350.0,True,明海グループ,スタンダード（内国株式）,海運業
9119.T,348388522.33154297,359247200.0,False,飯野海運,プライム（内国株式）,海運業
9127.T,17584139.0625,15992000.0,True,玉井商船,スタンダード（内国株式）,海運業
9130.T,235964404.1040039,218528070.52001953,False,共栄タンカー,スタンダード（内国株式）,海運業
9142.T,3012931286.015625,2983028530.078125,False,九州旅客鉄道,プライム（内国株式）,陸運業
9143.T,2207274357.6672363,2068114913.3361816,False,ＳＧホールディングス,プライム（内国株式）,陸運業
9145.T,24598210.0,23766900.0,True,ビーイングホールディングス,スタンダード（内国株式）,陸運業
9147.T,5042906340.0,4743712750.0,False,ＮＩＰＰＯＮ　ＥＸＰＲＥＳＳホールディングス,プライム（内国株式）,陸運業
9158.T,22238550.0,19512650.0,True,シーユーシー,グロース（内国株式）,サービス業
9159.T,8158740.0,7554000.0,True,Ｗ　ＴＯＫＹＯ,グロース（内国株式）,サービス業
9160.T,9618540.0,6606200.0,True,オンザページ,スタンダード（内国株式）,サービス業
9162.T,3441190.0,3799200.0,True,ブリーチ,グロース（内国株式）,サービス業
9163.T,70699010.0,63979900.0,True,ナレルグループ,グロース（内国株式）,サービス業
9165.T,13075620.0,13070650.0,True,クオルテック,グロース（内国株式）,サービス業
9166.T,545636370.0,501779350.0,False,ＧＥＮＤＡ,グロース（内国株式）,サービス業
9168.T,25884230.0,27635250.0,True,ライズ・コンサルティング・グループ,グロース（内国株式）,サービス業
9171.T,4024950.0,1712850.0,True,栗林商船,スタンダード（内国株式）,海運業
9173.T,4402850.0,3678000.0,True,東海汽船,スタンダード（内国株式）,海運業
9193.T,2667820.0,2134500.0,True,東京汽船,スタンダード（内国株式）,倉庫・運輸関連業
9201.T,7292708775.002441,7135749100.0,False,日本航空,プライム（内国株式）,空運業
92015.T,30959000.0,30226000.0,True,日本航空株式会社第１回社債型種類株式,プライム（内国株式）,空運業
9202.T,6773009783.481445,6786391167.407227,False,ＡＮＡホールディングス,プライム（内国株式）,空運業
92025.T,45128307.783203125,26697000.0,True,ＡＮＡホールディングス第１回社債型種類株式,プライム（内国株式）,空運業
9204.T,27218610.0,27027900.0,True,スカイマーク,グロース（内国株式）,空運業
9206.T,3204590.0,2802550.0,True,スターフライヤー,スタンダード（内国株式）,空運業
9211.T,143303870.0,140813700.0,False,エフ・コード,グロース（内国株式）,サービス業
9212.T,41196330.0,24324800.0,True,Ｇｒｅｅｎ　Ｅａｒｔｈ　Ｉｎｓｔｉｔｕｔｅ,スタンダード（内国株式）,サービス業
9213.T,3542730.0,1467900.0,True,セイファート,スタンダード（内国株式）,サービス業
9214.T,1322570.0,573600.0,True,Ｒｅｃｏｖｅｒｙ　Ｉｎｔｅｒｎａｔｉｏｎａｌ,グロース（内国株式）,サービス業
9215.T,2156080.0,1559050.0,True,ＣａＳｙ,グロース（内国株式）,サービス業
9216.T,34568640.0,33216200.0,True,ビーウィズ,プライム（内国株式）,サービス業
9218.T,23879540.0,24145400.0,True,メンタルヘルステクノロジーズ,グロース（内国株式）,サービス業
9219.T,3020780.0,2744100.0,True,ギックス,グロース（内国株式）,サービス業
9220.T,2892394.072265625,1748350.0,True,エフビー介護サービス,スタンダード（内国株式）,サービス業
9221.T,51782332.49267578,41629150.0,True,フルハシＥＰＯ,スタンダード（内国株式）,サービス業
9225.T,959400.0,434700.0,True,ブリッジコンサルティンググループ,グロース（内国株式）,サービス業
9227.T,114179170.0,93407950.0,True,マイクロ波化学,グロース（内国株式）,サービス業
9229.T,18168470.0,15264200.0,True,サンウェルズ,プライム（内国株式）,サービス業
9233.T,10347078.885498047,8102050.0,True,アジア航測,スタンダード（内国株式）,空運業
9235.T,10157900.0,9182500.0,True,売れるネット広告社グループ,グロース（内国株式）,サービス業
9236.T,5168070.0,2490900.0,True,ジャパンＭ＆Ａソリューション,グロース（内国株式）,サービス業
9237.T,7203090.0,5479750.0,True,笑美面,グロース（内国株式）,サービス業
9238.T,875020.0,890000.0,True,バリュークリエーション,グロース（内国株式）,サービス業
9240.T,2731560.0,2134300.0,True,デリバリーコンサルティング,グロース（内国株式）,サービス業
9241.T,1527650.0,1047900.0,True,フューチャーリンクネットワーク,グロース（内国株式）,サービス業
9242.T,2161620.0,1783350.0,True,メディア総研,グロース（内国株式）,サービス業
9244.T,34844930.0,26441600.0,True,デジタリフト,グロース（内国株式）,サービス業
9245.T,13674120.0,10545750.0,True,リベロ,グロース（内国株式）,サービス業
9246.T,113747960.0,56615250.0,True,プロジェクトホールディングス,グロース（内国株式）,サービス業
9247.T,518801773.2324219,535114150.0,False,ＴＲＥホールディングス,プライム（内国株式）,サービス業
9248.T,37824351.73828125,40363800.0,True,人・夢・技術グループ,スタンダード（内国株式）,サービス業
9249.T,16291946.174316406,13330950.0,True,日本エコシステム,スタンダード（内国株式）,サービス業
9250.T,170097810.0,1616000.0,True,ＧＲＣＳ,グロース（内国株式）,サービス業
9251.T,124136400.0,120822400.0,False,ＡＢ＆Ｃｏｍｐａｎｙ,グロース（内国株式）,サービス業
9252.T,39805650.0,29298750.0,True,ラストワンマイル,グロース（内国株式）,サービス業
9253.T,5879430.0,3502650.0,True,スローガン,グロース（内国株式）,サービス業
9254.T,3817700.0,2820800.0,True,ラバブルマーケティンググループ,グロース（内国株式）,サービス業
9256.T,16053250.0,14921150.0,True,サクシード,グロース（内国株式）,サービス業
9258.T,621810.0,330700.0,True,ＣＳ－Ｃ,グロース（内国株式）,サービス業
9259.T,6827917.313842773,5504286.569213867,True,タカヨシホールディングス,グロース（内国株式）,サービス業
9262.T,12769920.0,14500450.0,True,シルバーライフ,スタンダード（内国株式）,小売業
9264.T,12504930.0,13650000.0,True,ポエック,スタンダード（内国株式）,卸売業
9265.T,5716150.0,913750.0,True,ヤマシタヘルスケアホールディングス,スタンダード（内国株式）,卸売業
9267.T,236575750.0,231385250.0,False,Ｇｅｎｋｙ　ＤｒｕｇＳｔｏｒｅｓ,プライム（内国株式）,小売業
9268.T,210330898.6682129,73416550.0,True,オプティマスグループ,スタンダード（内国株式）,卸売業
9270.T,91434490.0,84542350.0,True,バリュエンスホールディングス,グロース（内国株式）,卸売業
9271.T,12993990.0,11331350.0,True,和心,グロース（内国株式）,小売業
9272.T,8524620.0,8008800.0,True,ブティックス,グロース（内国株式）,サービス業
9273.T,44536690.0,43504800.0,True,コーア商事ホールディングス,プライム（内国株式）,卸売業
9274.T,432536962.0300293,293020150.0,False,ＫＰＰグループホールディングス,プライム（内国株式）,卸売業
9278.T,364519630.0,355083150.0,False,ブックオフグループホールディングス,プライム（内国株式）,小売業
9279.T,659613900.0,657082050.0,False,ギフトホールディングス,プライム（内国株式）,小売業
9301.T,1506084617.689209,1407722575.0,False,三菱倉庫,プライム（内国株式）,倉庫・運輸関連業
9302.T,708207687.6513672,771658500.0,False,三井倉庫ホールディングス,プライム（内国株式）,倉庫・運輸関連業
9303.T,491972555.0,478389500.0,False,住友倉庫,プライム（内国株式）,倉庫・運輸関連業
9304.T,415118745.60546875,364678600.0,False,澁澤倉庫,プライム（内国株式）,倉庫・運輸関連業
9305.T,147124640.41015625,158970202.05078125,False,ヤマタネ,プライム（内国株式）,卸売業
9306.T,5206312.431640625,4994012.158203125,True,東陽倉庫,スタンダード（内国株式）,倉庫・運輸関連業
9307.T,14002350.0,4266500.0,True,杉村倉庫,スタンダード（内国株式）,倉庫・運輸関連業
9308.T,459575297.63183594,430768850.0,False,乾汽船,スタンダード（内国株式）,海運業
9310.T,117947247.16186523,116142550.0,False,日本トランスシティ,プライム（内国株式）,倉庫・運輸関連業
9311.T,2714700.0,2657000.0,True,アサガミ,スタンダード（内国株式）,倉庫・運輸関連業
9312.T,30852750.0,27484000.0,True,ケイヒン,スタンダード（内国株式）,倉庫・運輸関連業
9313.T,1131030.0,159000.0,True,丸八倉庫,スタンダード（内国株式）,倉庫・運輸関連業
9319.T,55338006.50390625,42105300.0,True,中央倉庫,プライム（内国株式）,倉庫・運輸関連業
9322.T,22693336.97265625,17164150.0,True,川西倉庫,スタンダード（内国株式）,倉庫・運輸関連業
9324.T,206296449.3310547,186390950.0,False,安田倉庫,プライム（内国株式）,倉庫・運輸関連業
9325.T,14391416.295166016,12536600.0,True,ファイズホールディングス,スタンダード（内国株式）,倉庫・運輸関連業
9326.T,2461580.0,2865100.0,True,関通ホールディングス,グロース（内国株式）,倉庫・運輸関連業
9327.T,1494930.0,739300.0,True,イー・ロジット,スタンダード（内国株式）,倉庫・運輸関連業
9330.T,2506790.0,1192800.0,True,揚羽,グロース（内国株式）,サービス業
9331.T,963020.0,1058100.0,True,キャスター,グロース（内国株式）,サービス業
9332.T,48620720.0,44369850.0,True,ＮＩＳＳＯホールディングス,プライム（内国株式）,サービス業
9336.T,691864333.2324219,671169750.0,False,大栄環境,プライム（内国株式）,サービス業
9337.T,17468170.0,14979700.0,True,トリドリ,グロース（内国株式）,サービス業
9339.T,3555830.0,3297150.0,True,コーチ・エィ,スタンダード（内国株式）,サービス業
9340.T,5485550.0,5334500.0,True,アソインターナショナル,スタンダード（内国株式）,サービス業
9341.T,28936500.0,29169400.0,True,ＧＥＮＯＶＡ,プライム（内国株式）,サービス業
9342.T,2241150.0,706200.0,True,スマサポ,グロース（内国株式）,サービス業
9343.T,20556060.0,19017000.0,True,アイビス,グロース（内国株式）,サービス業
9344.T,15829900.0,15000900.0,True,アクシスコンサルティング,グロース（内国株式）,サービス業
9345.T,520010.0,556350.0,True,ビズメイツ,グロース（内国株式）,サービス業
9346.T,3670070.0,2777400.0,True,ココルポート,グロース（内国株式）,サービス業
9347.T,349117772.8857422,234648450.0,False,日本管財ホールディングス,プライム（内国株式）,サービス業
9348.T,402638070.0,234069000.0,False,ｉｓｐａｃｅ,グロース（内国株式）,サービス業
9351.T,7754595.662841797,3916050.0,True,東洋埠頭,スタンダード（内国株式）,倉庫・運輸関連業
9353.T,1019180.0,298000.0,True,櫻島埠頭,スタンダード（内国株式）,倉庫・運輸関連業
9355.T,466720.0,333950.0,True,リンコーコーポレーション,スタンダード（内国株式）,倉庫・運輸関連業
9360.T,2093030.0,1545850.0,True,鈴与シンワート,スタンダード（内国株式）,情報・通信業
9361.T,300630.0,0.0,True,伏木海陸運送,スタンダード（内国株式）,倉庫・運輸関連業
9362.T,4490750.0,3167250.0,True,兵機海運,スタンダード（内国株式）,倉庫・運輸関連業
9363.T,4784520.0,2165800.0,True,大運,スタンダード（内国株式）,倉庫・運輸関連業
9364.T,1681162474.7167969,1720418100.0,False,上組,プライム（内国株式）,倉庫・運輸関連業
9365.T,523760.0,328900.0,True,トレーディア,スタンダード（内国株式）,倉庫・運輸関連業
9366.T,10807090.0,9784200.0,True,サンリツ,スタンダード（内国株式）,倉庫・運輸関連業
9367.T,4159078.3666992188,3128200.0,True,大東港運,スタンダード（内国株式）,倉庫・運輸関連業
9368.T,27778089.663085938,20998000.0,True,キムラユニティー,スタンダード（内国株式）,倉庫・運輸関連業
9369.T,160414600.0,156662800.0,False,キユーソー流通システム,スタンダード（内国株式）,倉庫・運輸関連業
9376.T,6772070.134277344,3214550.0,True,ユーラシア旅行社,スタンダード（内国株式）,サービス業
9380.T,6760757.911376953,6308300.0,True,東海運,スタンダード（内国株式）,倉庫・運輸関連業
9381.T,54745960.0,47890050.0,True,エーアイテイー,プライム（内国株式）,倉庫・運輸関連業
9385.T,4820360.0,4727700.0,True,ショーエイコーポレーション,スタンダード（内国株式）,化学
9401.T,2144246613.8671875,2127665350.0,False,ＴＢＳホールディングス,プライム（内国株式）,情報・通信業
9404.T,2526842305.78125,2526579850.0,False,日本テレビホールディングス,プライム（内国株式）,情報・通信業
9405.T,68730253.33984375,61972950.0,True,朝日放送グループホールディングス,プライム（内国株式）,情報・通信業
9408.T,375736.7236328125,268850.0,True,ＢＳＮメディアホールディングス,スタンダード（内国株式）,情報・通信業
9409.T,1121421310.3320312,952692600.0,False,テレビ朝日ホールディングス,プライム（内国株式）,情報・通信業
9412.T,2602463979.0649414,2576520300.0,False,スカパーＪＳＡＴ,プライム（内国株式）,情報・通信業
9413.T,257479167.8125,242408250.0,False,テレビ東京ホールディングス,プライム（内国株式）,情報・通信業
9414.T,67450500.0,50523450.0,True,日本ＢＳ放送,スタンダード（内国株式）,情報・通信業
9416.T,340651660.0,313263500.0,False,ビジョン,プライム（内国株式）,情報・通信業
9417.T,2330550.0,1923000.0,True,スマートバリュー,スタンダード（内国株式）,情報・通信業
9418.T,661809500.0,628355100.0,False,Ｕ－ＮＥＸＴ　ＨＯＬＤＩＮＧＳ,プライム（内国株式）,情報・通信業
9419.T,4164860.0,3996700.0,True,ワイヤレスゲート,スタンダード（内国株式）,情報・通信業
9421.T,1926960.0,2081150.0,True,エヌジェイホールディングス,スタンダード（内国株式）,情報・通信業
9423.T,10351090.0,10920000.0,True,フォーバル・リアルストレート,スタンダード（内国株式）,情報・通信業
9424.T,306409040.0,289415550.0,False,日本通信,プライム（内国株式）,情報・通信業
9425.T,163399960.0,80486350.0,True,ＲｅＹｕｕ　Ｊａｐａｎ,スタンダード（内国株式）,情報・通信業
9428.T,1131830.0,925100.0,True,クロップス,スタンダード（内国株式）,情報・通信業
9432.T,31678518278.46634,31633287471.107483,False,ＮＴＴ,プライム（内国株式）,情報・通信業
9433.T,25858782383.737793,25443405593.688965,False,ＫＤＤＩ,プライム（内国株式）,情報・通信業
9434.T,20292791137.825623,18631926764.89258,False,ソフトバンク,プライム（内国株式）,情報・通信業
94345.T,29002335.72265625,15539000.0,True,ソフトバンク第１回社債型種類株式,プライム（内国株式）,情報・通信業
94346.T,29708430.21484375,18333350.0,True,ソフトバンク第２回社債型種類株式,プライム（内国株式）,情報・通信業
9435.T,4006845208.0078125,4053241540.0390625,False,光通信,プライム（内国株式）,情報・通信業
9436.T,1148076325.78125,858863000.0,False,沖縄セルラー電話,スタンダード（内国株式）,情報・通信業
9438.T,20458717.94921875,19103900.0,True,エムティーアイ,プライム（内国株式）,情報・通信業
9439.T,5978980.0,1311400.0,True,エム・エイチ・グループ,スタンダード（内国株式）,サービス業
9441.T,9495040.0,8165250.0,True,ベルパーク,スタンダード（内国株式）,情報・通信業
9444.T,21311500.0,3083050.0,True,トーシンホールディングス,スタンダード（内国株式）,情報・通信業
9445.T,1065685.6591796875,771600.0,True,フォーバルテレコム,スタンダード（内国株式）,情報・通信業
9446.T,3607279.98046875,3235600.0,True,サカイホールディングス,スタンダード（内国株式）,情報・通信業
9449.T,1301431950.0,1146950100.0,False,ＧＭＯインターネットグループ,プライム（内国株式）,情報・通信業
9450.T,27897540.0,27842650.0,True,ファイバーゲート,スタンダード（内国株式）,情報・通信業
9466.T,1709202.3858642578,1403661.929321289,True,アイドママーケティングコミュニケーション,スタンダード（内国株式）,情報・通信業
9467.T,81917760.0,85856450.0,True,アルファポリス,グロース（内国株式）,情報・通信業
9468.T,1877998880.0,1970745900.0,False,ＫＡＤＯＫＡＷＡ,プライム（内国株式）,情報・通信業
9470.T,318340551.93603516,170043050.0,False,学研ホールディングス,プライム（内国株式）,情報・通信業
9474.T,131108278.66638184,124416400.0,False,ゼンリン,プライム（内国株式）,情報・通信業
9475.T,1706830.0,1545400.0,True,昭文社ホールディングス,スタンダード（内国株式）,情報・通信業
9476.T,703209.6209716797,197300.0,True,中央経済社ホールディングス,スタンダード（内国株式）,情報・通信業
9478.T,8133590.0,7140050.0,True,ＳＥホールディングス・アンド・インキュベーションズ,スタンダード（内国株式）,情報・通信業
9501.T,17437521398.640747,17084598095.526123,False,東京電力ホールディングス,プライム（内国株式）,電気・ガス業
9502.T,11324386052.4292,11633581050.0,False,中部電力,プライム（内国株式）,電気・ガス業
9503.T,11529426807.514648,11614355600.0,False,関西電力,プライム（内国株式）,電気・ガス業
9504.T,1908309468.4802246,1948367784.4299316,False,中国電力,プライム（内国株式）,電気・ガス業
9505.T,1194482054.7851562,1219306348.9257812,False,北陸電力,プライム（内国株式）,電気・ガス業
9506.T,4518908040.332031,4604761900.0,False,東北電力,プライム（内国株式）,電気・ガス業
9507.T,2148515915.5664062,2198102400.0,False,四国電力,プライム（内国株式）,電気・ガス業
9509.T,2365886863.7976074,2239855300.0,False,北海道電力,プライム（内国株式）,電気・ガス業
9511.T,268207166.58813477,262922250.0,False,沖縄電力,プライム（内国株式）,電気・ガス業
9513.T,2480711771.4697266,2418572557.348633,False,電源開発,プライム（内国株式）,電気・ガス業
9514.T,38409100.0,37924050.0,True,エフオン,スタンダード（内国株式）,電気・ガス業
9517.T,231184410.0,177397650.0,False,イーレックス,プライム（内国株式）,電気・ガス業
9519.T,696806050.0,569757000.0,False,レノバ,プライム（内国株式）,電気・ガス業
9531.T,6945227914.6875,6472161800.0,False,東京瓦斯,プライム（内国株式）,電気・ガス業
9532.T,6982610873.125,6532458000.0,False,大阪瓦斯,プライム（内国株式）,電気・ガス業
9533.T,966380711.3879395,945482375.0,False,東邦瓦斯,プライム（内国株式）,電気・ガス業
9534.T,161797289.26818848,159065800.0,False,北海道瓦斯,プライム（内国株式）,電気・ガス業
9535.T,33206294.13330078,33337320.666503906,True,広島ガス,プライム（内国株式）,電気・ガス業
9536.T,509660206.4160156,278506100.0,False,西部ガスホールディングス,プライム（内国株式）,電気・ガス業
9537.T,2335600.0,2341500.0,True,北陸瓦斯,スタンダード（内国株式）,電気・ガス業
9539.T,1383390.0,793500.0,True,京葉瓦斯,スタンダード（内国株式）,電気・ガス業
9543.T,205943170.0,190396600.0,False,静岡ガス,プライム（内国株式）,電気・ガス業
9551.T,361161686.23046875,304485750.0,False,メタウォーター,プライム（内国株式）,電気・ガス業
9552.T,240920110.0,209461250.0,False,クオンツ総研ホールディングス,プライム（内国株式）,サービス業
9553.T,59509970.0,55374400.0,True,マイクロアド,グロース（内国株式）,サービス業
9554.T,32030580.0,29283750.0,True,ＡＶｉＣ,グロース（内国株式）,サービス業
9556.T,126359100.0,118606250.0,False,ＩＮＴＬＯＯＰ,グロース（内国株式）,サービス業
9557.T,3332750.0,2150900.0,True,エアークローゼット,グロース（内国株式）,サービス業
9558.T,16790720.0,12622100.0,True,ジャパニアス,グロース（内国株式）,サービス業
9560.T,17915920.0,18119300.0,True,プログリット,グロース（内国株式）,サービス業
9561.T,3498820.0,2816500.0,True,グラッドキューブ,グロース（内国株式）,サービス業
9562.T,7251391.0009765625,4616100.0,True,ビジネスコーチ,グロース（内国株式）,サービス業
9563.T,6501270.0,7540800.0,True,Ａｔｌａｓ　Ｔｅｃｈｎｏｌｏｇｉｅｓ,グロース（内国株式）,サービス業
9564.T,21475596.099853516,18896650.0,True,ＦＣＥ,スタンダード（内国株式）,サービス業
9565.T,1347980.0,949550.0,True,ＧＬＯＥ,グロース（内国株式）,サービス業
9601.T,393027700.0,392345000.0,False,松竹,プライム（内国株式）,情報・通信業
9602.T,4558743345.0,4400945975.0,False,東宝,プライム（内国株式）,情報・通信業
9603.T,509602740.0,542733250.0,False,エイチ・アイ・エス,プライム（内国株式）,サービス業
9605.T,491626428.92578125,447347000.0,False,東映,プライム（内国株式）,情報・通信業
9610.T,6363140.0,5777400.0,True,ウィルソン・ラーニング　ワールドワイド,スタンダード（内国株式）,サービス業
9612.T,50195620.0,52497550.0,True,ラックランド,プライム（内国株式）,サービス業
9616.T,3357248492.3583984,2583936400.0,False,共立メンテナンス,プライム（内国株式）,サービス業
9619.T,108331879.57519531,113848000.0,False,イチネンホールディングス,プライム（内国株式）,サービス業
9621.T,244381900.0,216310250.0,False,建設技術研究所,プライム（内国株式）,サービス業
9622.T,96100630.0,83819700.0,True,スペース,プライム（内国株式）,サービス業
9625.T,5614260.0,3539250.0,True,セレスポ,スタンダード（内国株式）,サービス業
9627.T,722083750.0,707477400.0,False,アインホールディングス,プライム（内国株式）,小売業
9628.T,77882540.0,74276150.0,True,燦ホールディングス,プライム（内国株式）,サービス業
9629.T,43434570.0,40225100.0,True,ピー・シー・エー,プライム（内国株式）,情報・通信業
9632.T,607523600.0,307848000.0,False,スバル興業,スタンダード（内国株式）,サービス業
9633.T,19917190.0,16924400.0,True,東京テアトル,スタンダード（内国株式）,不動産業
9635.T,1351130.0,892500.0,True,武蔵野興業,スタンダード（内国株式）,サービス業
9636.T,1860200.0,2115000.0,True,きんえい,スタンダード（内国株式）,サービス業
9639.T,16906925.603027344,14892350.0,True,三協フロンテア,スタンダード（内国株式）,サービス業
9640.T,5522445.5078125,4570550.0,True,セゾンテクノロジー,スタンダード（内国株式）,情報・通信業
9644.T,95279662.0727539,85632850.0,True,タナベコンサルティンググループ,プライム（内国株式）,サービス業
9647.T,3225400.0,2705000.0,True,協和コンサルタンツ,スタンダード（内国株式）,サービス業
9651.T,41810540.0,39916950.0,True,日本プロセス,スタンダード（内国株式）,情報・通信業
9656.T,1360910.0,1231100.0,True,グリーンランドリゾート,スタンダード（内国株式）,サービス業
9658.T,116251516.96777344,89300850.0,True,ビジネスブレイン太田昭和,プライム（内国株式）,情報・通信業
9661.T,35690450.0,33807000.0,True,歌舞伎座,スタンダード（内国株式）,サービス業
9663.T,182498450.0,162523000.0,False,ナガワ,プライム（内国株式）,サービス業
9672.T,346397150.0,320461000.0,False,東京都競馬,プライム（内国株式）,サービス業
9678.T,460630300.0,445095000.0,False,カナモト,プライム（内国株式）,サービス業
9679.T,2456280.2685546875,2372851.3427734375,True,ホウライ,スタンダード（内国株式）,サービス業
9682.T,918823380.9619141,849848100.0,False,ＤＴＳ,プライム（内国株式）,情報・通信業
9684.T,3147779830.46875,2912100400.0,False,スクウェア・エニックス・ホールディングス,プライム（内国株式）,情報・通信業
9685.T,1129670.0,917700.0,True,ＫＹＣＯＭホールディングス,スタンダード（内国株式）,情報・通信業
9686.T,7982366.950683594,3488000.0,True,東洋テック,スタンダード（内国株式）,サービス業
9687.T,10318879.936523438,7710250.0,True,ＫＳＫ,スタンダード（内国株式）,情報・通信業
9691.T,1599600.0,1290000.0,True,両毛システムズ,スタンダード（内国株式）,情報・通信業
9692.T,309631580.0,307654950.0,False,シーイーシー,プライム（内国株式）,情報・通信業
9697.T,19914144108.466797,12174619600.0,False,カプコン,プライム（内国株式）,情報・通信業
9698.T,2208200.0,1740200.0,True,クレオ,スタンダード（内国株式）,情報・通信業
9699.T,463448881.06933594,439401250.0,False,ニシオホールディングス,プライム（内国株式）,サービス業
9701.T,6749700.0,5295750.0,True,東京會舘,スタンダード（内国株式）,サービス業
9702.T,90184060.0,63739700.0,True,アイ・エス・ビー,プライム（内国株式）,情報・通信業
9704.T,11927520.0,7667100.0,True,アゴーラ　ホスピタリティー　グループ,スタンダード（内国株式）,サービス業
9706.T,4230950585.7421875,3767998228.7109375,False,日本空港ビルデング,プライム（内国株式）,不動産業
9708.T,99815068.64379883,85420143.21899414,True,帝国ホテル,スタンダード（内国株式）,サービス業
9709.T,14645371.157226562,12608800.0,True,ＮＣＳ＆Ａ,スタンダード（内国株式）,情報・通信業
9713.T,5417200.0,4820000.0,True,ロイヤルホテル,スタンダード（内国株式）,サービス業
9715.T,359701200.0,397329250.0,False,トランス・コスモス,プライム（内国株式）,サービス業
9716.T,418129450.0,391096100.0,False,乃村工藝社,プライム（内国株式）,サービス業
9720.T,1369700.0,640000.0,True,ホテル、ニューグランド,スタンダード（内国株式）,サービス業
9722.T,812226530.0,706909500.0,False,藤田観光,プライム（内国株式）,サービス業
9723.T,1002240.0,891400.0,True,京都ホテル,スタンダード（内国株式）,サービス業
9726.T,67548810.0,66461000.0,True,ＫＮＴ－ＣＴホールディングス,スタンダード（内国株式）,サービス業
9729.T,74858313.92822266,74169000.0,True,トーカイ,プライム（内国株式）,サービス業
9731.T,3196150.0,3018750.0,True,白洋舎,スタンダード（内国株式）,サービス業
9733.T,36392515.41503906,28548477.075195312,True,ナガセ,スタンダード（内国株式）,サービス業
9735.T,9416475229.453125,9921010500.0,False,セコム,プライム（内国株式）,サービス業
9739.T,76535014.52148438,77733600.0,True,ＮＳＷ,プライム（内国株式）,情報・通信業
9740.T,57737050.0,51260000.0,True,セントラル警備保障,プライム（内国株式）,サービス業
9742.T,69093420.0,66540100.0,True,アイネス,プライム（内国株式）,情報・通信業
9743.T,443153780.0,427603050.0,False,丹青社,プライム（内国株式）,サービス業
9744.T,2253806431.6381836,2219439958.190918,False,メイテックグループホールディングス,プライム（内国株式）,サービス業
9746.T,275620192.05078125,251850810.25390625,False,ＴＫＣ,プライム（内国株式）,情報・通信業
640A.T,47713998.48297119,27766850.0,True,ＡＳＮＯＶＡ,グロース（内国株式）,サービス業
642A.T,3373351877.74292,3788253500.0,False,キューデンホールディングス,プライム（内国株式）,電気・ガス業
9753.T,15134860.0,13470500.0,True,アイエックス・ナレッジ,スタンダード（内国株式）,情報・通信業
9755.T,193434840.0,181984600.0,False,応用地質,プライム（内国株式）,サービス業
9757.T,237528990.0,232076050.0,False,船井総研ホールディングス,プライム（内国株式）,サービス業
9759.T,1116568150.0,877409325.0,False,ＮＳＤ,プライム（内国株式）,情報・通信業
9760.T,5221560.0,5156200.0,True,進学会ホールディングス,スタンダード（内国株式）,サービス業
9761.T,6823874.765625,5242900.0,True,東海リース,スタンダード（内国株式）,サービス業
9763.T,11448987.612304688,11341600.0,True,丸建リース,スタンダード（内国株式）,卸売業
9765.T,22872480.0,20957500.0,True,オオバ,プライム（内国株式）,サービス業
9766.T,13239733457.929688,10992110400.0,False,コナミグループ,プライム（内国株式）,情報・通信業
9767.T,2728230.0,1918400.0,True,日建工学,スタンダード（内国株式）,サービス業
9768.T,48565300.0,40719000.0,True,いであ,スタンダード（内国株式）,サービス業
9769.T,41620032.248535156,38299961.24267578,True,学究社,プライム（内国株式）,サービス業
9778.T,2626600.0,1659000.0,True,昴,スタンダード（内国株式）,サービス業
9780.T,3919904.1162109375,3486600.0,True,ハリマビステム,スタンダード（内国株式）,サービス業
9782.T,135798329.71191406,134065500.0,False,ディーエムエス,スタンダード（内国株式）,サービス業
9788.T,27768939.216308594,23835600.0,True,ナック,プライム（内国株式）,サービス業
9790.T,122647720.0,112002650.0,False,福井コンピュータホールディングス,プライム（内国株式）,情報・通信業
9791.T,3500105.1977539062,2781175.9887695312,True,ビケンテクノ,スタンダード（内国株式）,サービス業
9793.T,722874100.0,646650250.0,False,ダイセキ,プライム（内国株式）,サービス業
9795.T,95063417.01171875,68835250.0,True,ステップ,プライム（内国株式）,サービス業
9799.T,4680787.75390625,3839800.0,True,旭情報サービス,スタンダード（内国株式）,情報・通信業
9812.T,1186750.0,848400.0,True,テーオーホールディングス,スタンダード（内国株式）,小売業
9816.T,3435580.0,2695850.0,True,ストライダーズ,スタンダード（内国株式）,不動産業
9818.T,2345404.2065429688,1002450.0,True,大丸エナウィン,スタンダード（内国株式）,卸売業
9820.T,2190100.0,789500.0,True,エムティジェネックス,スタンダード（内国株式）,不動産業
9823.T,101278032.88696289,94999300.0,True,マミーマートホールディングス,スタンダード（内国株式）,小売業
9824.T,587164200.0,528965500.0,False,泉州電業,プライム（内国株式）,卸売業
9827.T,9113890.0,5956650.0,True,リリカラ,スタンダード（内国株式）,卸売業
9828.T,272522989.3457031,196541250.0,False,Ｇｅｎｋｉ　Ｇｌｏｂａｌ　Ｄｉｎｉｎｇ　Ｃｏｎｃｅｐｔｓ,スタンダード（内国株式）,小売業
9830.T,309143360.0,310103200.0,False,トラスコ中山,プライム（内国株式）,卸売業
9831.T,3729894421.310425,2970363932.659912,False,ヤマダホールディングス,プライム（内国株式）,小売業
9832.T,669308561.25,400469150.0,False,オートバックスセブン,プライム（内国株式）,卸売業
9835.T,1023580.0,945350.0,True,ジュンテンドー,スタンダード（内国株式）,小売業
9837.T,98876450.0,102208000.0,False,モリト,プライム（内国株式）,卸売業
9842.T,315369540.0,326024300.0,False,アークランズ,プライム（内国株式）,小売業
9843.T,10648537845.424805,10240003050.0,False,ニトリホールディングス,プライム（内国株式）,小売業
9845.T,21948707.392578125,18236400.0,True,パーカーコーポレーション,スタンダード（内国株式）,化学
9846.T,8830290.0,4858300.0,True,天満屋ストア,スタンダード（内国株式）,小売業
9849.T,2017800.0,1562000.0,True,共同紙販ホールディングス,スタンダード（内国株式）,卸売業
9850.T,95585290.0,91047950.0,True,グルメ杵屋,プライム（内国株式）,小売業
9853.T,1849850.0,1675950.0,True,銀座ルノアール,スタンダード（内国株式）,小売業
9854.T,9686410.0,7437000.0,True,愛眼,スタンダード（内国株式）,小売業
9856.T,40125833.96484375,38940000.0,True,ケーユーホールディングス,スタンダード（内国株式）,小売業
9857.T,3617113.994140625,3106919.970703125,True,英和,スタンダード（内国株式）,卸売業
9861.T,1392768680.0,1370111600.0,False,吉野家ホールディングス,プライム（内国株式）,小売業
9867.T,1053000.0,1050000.0,True,ソレキア,スタンダード（内国株式）,卸売業
9869.T,258415758.17871094,275372000.0,False,加藤産業,プライム（内国株式）,卸売業
9872.T,9645590.0,6249550.0,True,北恵,スタンダード（内国株式）,卸売業
9876.T,3184780.0,2591650.0,True,コックス,スタンダード（内国株式）,小売業
9878.T,3791040.0,3517950.0,True,セキド,スタンダード（内国株式）,小売業
9880.T,466466246.9433594,419076500.0,False,イノテック,プライム（内国株式）,電気機器
9882.T,424619461.89453125,364007600.0,False,イエローハット,プライム（内国株式）,卸売業
9885.T,3476440.0,2085300.0,True,シャルレ,スタンダード（内国株式）,卸売業
9887.T,338265186.171875,204109000.0,False,松屋フーズホールディングス,プライム（内国株式）,小売業
9888.T,71454340.53955078,70402552.6977539,True,ＵＥＸ,スタンダード（内国株式）,卸売業
9889.T,371555863.73291016,287695400.0,False,ＪＢＣＣホールディングス,プライム（内国株式）,情報・通信業
9890.T,11074414.091796875,9096150.0,True,マキヤ,スタンダード（内国株式）,小売業
9895.T,1468720.0,1312500.0,True,コンセック,スタンダード（内国株式）,卸売業
9896.T,44159241.2121582,43396000.0,True,ＪＫホールディングス,スタンダード（内国株式）,卸売業
9900.T,384962650.0,247117400.0,False,サガミホールディングス,プライム（内国株式）,小売業
9902.T,252541339.23339844,170163000.0,False,日伝,プライム（内国株式）,卸売業
9903.T,1944550.0,1395900.0,True,カンセキ,スタンダード（内国株式）,小売業
9904.T,3677370.0,2658150.0,True,ベリテ,スタンダード（内国株式）,小売業
9906.T,10376470.517578125,7281750.0,True,藤井産業,スタンダード（内国株式）,卸売業
9908.T,22385898.239746094,23693350.0,True,日本電計,スタンダード（内国株式）,卸売業
9913.T,13912900.0,11513500.0,True,日邦産業,スタンダード（内国株式）,卸売業
9928.T,99765070.0,85369450.0,True,ミロク情報サービス,プライム（内国株式）,情報・通信業
9929.T,604040.0,561400.0,True,平和紙業,スタンダード（内国株式）,卸売業
9930.T,2205170.0,2243850.0,True,北沢産業,スタンダード（内国株式）,卸売業
9932.T,57580417.916259766,51211150.0,True,杉本商事,プライム（内国株式）,卸売業
9934.T,711706141.3574219,639588550.0,False,因幡電機産業,プライム（内国株式）,卸売業
9936.T,943690820.9375,735839400.0,False,王将フードサービス,プライム（内国株式）,小売業
9941.T,32181000.0,20440450.0,True,太洋物産,スタンダード（内国株式）,卸売業
9946.T,74376040.0,67459250.0,True,ミニストップ,プライム（内国株式）,小売業
9948.T,314884300.0,271618000.0,False,アークス,プライム（内国株式）,小売業
9950.T,9430850.0,8170750.0,True,ハチバン,スタンダード（内国株式）,小売業
9955.T,6066700.0,3922250.0,True,ヨンキュウ,スタンダード（内国株式）,卸売業
9956.T,593378003.9233398,565154200.0,False,バローホールディングス,プライム（内国株式）,小売業
9959.T,4834977.801513672,3915250.0,True,アシードホールディングス,スタンダード（内国株式）,小売業
9960.T,410289626.4355469,416202582.1777344,False,東テク,プライム（内国株式）,卸売業
9962.T,5692382056.298828,5392448000.0,False,ミスミグループ本社,プライム（内国株式）,卸売業
9969.T,1292750.0,1260150.0,True,ショクブン,スタンダード（内国株式）,小売業
9972.T,2915040.0,2023500.0,True,アルテック,スタンダード（内国株式）,卸売業
9973.T,14516410.0,5418800.0,True,ＫＯＺＯホールディングス,スタンダード（内国株式）,小売業
9974.T,182046800.0,196212000.0,False,ベルク,プライム（内国株式）,小売業
9976.T,4470260.0,2313500.0,True,セキチュー,スタンダード（内国株式）,小売業
9978.T,6818520.0,4736600.0,True,文教堂グループホールディングス,スタンダード（内国株式）,小売業
9979.T,71200390.0,73008700.0,True,大庄,スタンダード（内国株式）,小売業
9980.T,14038310.0,8959650.0,True,ＭＲＫホールディングス,スタンダード（内国株式）,小売業
9982.T,14165540.0,12381400.0,True,タキヒヨー,スタンダード（内国株式）,卸売業
9983.T,85487263800.0,83347347000.0,False,ファーストリテイリング,プライム（内国株式）,小売業
9984.T,340433333687.59766,374531103025.0,False,ソフトバンクグループ,プライム（内国株式）,情報・通信業
9986.T,4592364.31640625,3723100.0,True,蔵王産業,スタンダード（内国株式）,卸売業
9987.T,950344650.5957031,950179775.0,False,スズケン,プライム（内国株式）,卸売業
9989.T,2253404810.0390625,2245315900.0,False,サンドラッグ,プライム（内国株式）,小売業
9990.T,41288930.0,43657000.0,True,サックスバー　ホールディングス,プライム（内国株式）,小売業
9991.T,74569333.41796875,64373250.0,True,ジェコス,プライム（内国株式）,卸売業
9993.T,4759560.0,4136200.0,True,ヤマザワ,スタンダード（内国株式）,小売業
9994.T,50972384.599609375,31152600.0,True,やまや,スタンダード（内国株式）,小売業
9996.T,1414193.1970214844,798000.0,True,サトー商会,スタンダード（内国株式）,卸売業
9997.T,434243246.0168457,237632350.0,False,ベルーナ,プライム（内国株式）,小売業
